filepaths,labels
/Users/Lenovo/Documents/Raja/dataset\wajahraja\Rajasabian_0.jpg,wajahraja
/Users/Lenovo/Documents/Raja/dataset\wajahraja\Rajasabian_0.png,wajahraja
/Users/Lenovo/Documents/Raja/dataset\wajahraja\Rajasabian_1.jpg,wajahraja
/Users/Lenovo/Documents/Raja/dataset\wajahraja\Rajasabian_1.png,wajahraja
/Users/Lenovo/Documents/Raja/dataset\wajahraja\Rajasabian_10.jpg,wajahraja
/Users/Lenovo/Documents/Raja/dataset\wajahraja\Rajasabian_10.png,wajahraja
/Users/Lenovo/Documents/Raja/dataset\wajahraja\Rajasabian_100.jpg,wajahraja
/Users/Lenovo/Documents/Raja/dataset\wajahraja\Rajasabian_100.png,wajahraja
/Users/Lenovo/Documents/Raja/dataset\wajahraja\Rajasabian_101.jpg,wajahraja
/Users/Lenovo/Documents/Raja/dataset\wajahraja\Rajasabian_101.png,wajahraja
/Users/Lenovo/Documents/Raja/dataset\wajahraja\Rajasabian_102.jpg,wajahraja
/Users/Lenovo/Documents/Raja/dataset\wajahraja\Rajasabian_102.png,wajahraja
/Users/Lenovo/Documents/Raja/dataset\wajahraja\Rajasabian_103.jpg,wajahraja
/Users/Lenovo/Documents/Raja/dataset\wajahraja\Rajasabian_103.png,wajahraja
/Users/Lenovo/Documents/Raja/dataset\wajahraja\Rajasabian_104.jpg,wajahraja
/Users/Lenovo/Documents/Raja/dataset\wajahraja\Rajasabian_104.png,wajahraja
/Users/Lenovo/Documents/Raja/dataset\wajahraja\Rajasabian_105.jpg,wajahraja
/Users/Lenovo/Documents/Raja/dataset\wajahraja\Rajasabian_105.png,wajahraja
/Users/Lenovo/Documents/Raja/dataset\wajahraja\Rajasabian_106.jpg,wajahraja
/Users/Lenovo/Documents/Raja/dataset\wajahraja\Rajasabian_106.png,wajahraja
/Users/Lenovo/Documents/Raja/dataset\wajahraja\Rajasabian_107.jpg,wajahraja
/Users/Lenovo/Documents/Raja/dataset\wajahraja\Rajasabian_107.png,wajahraja
/Users/Lenovo/Documents/Raja/dataset\wajahraja\Rajasabian_108.jpg,wajahraja
/Users/Lenovo/Documents/Raja/dataset\wajahraja\Rajasabian_108.png,wajahraja
/Users/Lenovo/Documents/Raja/dataset\wajahraja\Rajasabian_109.jpg,wajahraja
/Users/Lenovo/Documents/Raja/dataset\wajahraja\Rajasabian_109.png,wajahraja
/Users/Lenovo/Documents/Raja/dataset\wajahraja\Rajasabian_11.jpg,wajahraja
/Users/Lenovo/Documents/Raja/dataset\wajahraja\Rajasabian_11.png,wajahraja
/Users/Lenovo/Documents/Raja/dataset\wajahraja\Rajasabian_110.jpg,wajahraja
/Users/Lenovo/Documents/Raja/dataset\wajahraja\Rajasabian_110.png,wajahraja
/Users/Lenovo/Documents/Raja/dataset\wajahraja\Rajasabian_111.jpg,wajahraja
/Users/Lenovo/Documents/Raja/dataset\wajahraja\Rajasabian_111.png,wajahraja
/Users/Lenovo/Documents/Raja/dataset\wajahraja\Rajasabian_112.jpg,wajahraja
/Users/Lenovo/Documents/Raja/dataset\wajahraja\Rajasabian_112.png,wajahraja
/Users/Lenovo/Documents/Raja/dataset\wajahraja\Rajasabian_113.jpg,wajahraja
/Users/Lenovo/Documents/Raja/dataset\wajahraja\Rajasabian_113.png,wajahraja
/Users/Lenovo/Documents/Raja/dataset\wajahraja\Rajasabian_114.jpg,wajahraja
/Users/Lenovo/Documents/Raja/dataset\wajahraja\Rajasabian_114.png,wajahraja
/Users/Lenovo/Documents/Raja/dataset\wajahraja\Rajasabian_115.jpg,wajahraja
/Users/Lenovo/Documents/Raja/dataset\wajahraja\Rajasabian_115.png,wajahraja
/Users/Lenovo/Documents/Raja/dataset\wajahraja\Rajasabian_116.jpg,wajahraja
/Users/Lenovo/Documents/Raja/dataset\wajahraja\Rajasabian_116.png,wajahraja
/Users/Lenovo/Documents/Raja/dataset\wajahraja\Rajasabian_117.jpg,wajahraja
/Users/Lenovo/Documents/Raja/dataset\wajahraja\Rajasabian_117.png,wajahraja
/Users/Lenovo/Documents/Raja/dataset\wajahraja\Rajasabian_118.jpg,wajahraja
/Users/Lenovo/Documents/Raja/dataset\wajahraja\Rajasabian_118.png,wajahraja
/Users/Lenovo/Documents/Raja/dataset\wajahraja\Rajasabian_119.jpg,wajahraja
/Users/Lenovo/Documents/Raja/dataset\wajahraja\Rajasabian_119.png,wajahraja
/Users/Lenovo/Documents/Raja/dataset\wajahraja\Rajasabian_12.jpg,wajahraja
/Users/Lenovo/Documents/Raja/dataset\wajahraja\Rajasabian_12.png,wajahraja
/Users/Lenovo/Documents/Raja/dataset\wajahraja\Rajasabian_120.jpg,wajahraja
/Users/Lenovo/Documents/Raja/dataset\wajahraja\Rajasabian_120.png,wajahraja
/Users/Lenovo/Documents/Raja/dataset\wajahraja\Rajasabian_121.jpg,wajahraja
/Users/Lenovo/Documents/Raja/dataset\wajahraja\Rajasabian_121.png,wajahraja
/Users/Lenovo/Documents/Raja/dataset\wajahraja\Rajasabian_122.jpg,wajahraja
/Users/Lenovo/Documents/Raja/dataset\wajahraja\Rajasabian_122.png,wajahraja
/Users/Lenovo/Documents/Raja/dataset\wajahraja\Rajasabian_123.jpg,wajahraja
/Users/Lenovo/Documents/Raja/dataset\wajahraja\Rajasabian_123.png,wajahraja
/Users/Lenovo/Documents/Raja/dataset\wajahraja\Rajasabian_124.jpg,wajahraja
/Users/Lenovo/Documents/Raja/dataset\wajahraja\Rajasabian_124.png,wajahraja
/Users/Lenovo/Documents/Raja/dataset\wajahraja\Rajasabian_125.jpg,wajahraja
/Users/Lenovo/Documents/Raja/dataset\wajahraja\Rajasabian_125.png,wajahraja
/Users/Lenovo/Documents/Raja/dataset\wajahraja\Rajasabian_126.jpg,wajahraja
/Users/Lenovo/Documents/Raja/dataset\wajahraja\Rajasabian_126.png,wajahraja
/Users/Lenovo/Documents/Raja/dataset\wajahraja\Rajasabian_127.jpg,wajahraja
/Users/Lenovo/Documents/Raja/dataset\wajahraja\Rajasabian_127.png,wajahraja
/Users/Lenovo/Documents/Raja/dataset\wajahraja\Rajasabian_128.jpg,wajahraja
/Users/Lenovo/Documents/Raja/dataset\wajahraja\Rajasabian_128.png,wajahraja
/Users/Lenovo/Documents/Raja/dataset\wajahraja\Rajasabian_129.jpg,wajahraja
/Users/Lenovo/Documents/Raja/dataset\wajahraja\Rajasabian_129.png,wajahraja
/Users/Lenovo/Documents/Raja/dataset\wajahraja\Rajasabian_13.jpg,wajahraja
/Users/Lenovo/Documents/Raja/dataset\wajahraja\Rajasabian_13.png,wajahraja
/Users/Lenovo/Documents/Raja/dataset\wajahraja\Rajasabian_130.jpg,wajahraja
/Users/Lenovo/Documents/Raja/dataset\wajahraja\Rajasabian_130.png,wajahraja
/Users/Lenovo/Documents/Raja/dataset\wajahraja\Rajasabian_131.jpg,wajahraja
/Users/Lenovo/Documents/Raja/dataset\wajahraja\Rajasabian_131.png,wajahraja
/Users/Lenovo/Documents/Raja/dataset\wajahraja\Rajasabian_132.jpg,wajahraja
/Users/Lenovo/Documents/Raja/dataset\wajahraja\Rajasabian_132.png,wajahraja
/Users/Lenovo/Documents/Raja/dataset\wajahraja\Rajasabian_133.jpg,wajahraja
/Users/Lenovo/Documents/Raja/dataset\wajahraja\Rajasabian_133.png,wajahraja
/Users/Lenovo/Documents/Raja/dataset\wajahraja\Rajasabian_134.jpg,wajahraja
/Users/Lenovo/Documents/Raja/dataset\wajahraja\Rajasabian_134.png,wajahraja
/Users/Lenovo/Documents/Raja/dataset\wajahraja\Rajasabian_135.jpg,wajahraja
/Users/Lenovo/Documents/Raja/dataset\wajahraja\Rajasabian_135.png,wajahraja
/Users/Lenovo/Documents/Raja/dataset\wajahraja\Rajasabian_136.jpg,wajahraja
/Users/Lenovo/Documents/Raja/dataset\wajahraja\Rajasabian_136.png,wajahraja
/Users/Lenovo/Documents/Raja/dataset\wajahraja\Rajasabian_137.jpg,wajahraja
/Users/Lenovo/Documents/Raja/dataset\wajahraja\Rajasabian_137.png,wajahraja
/Users/Lenovo/Documents/Raja/dataset\wajahraja\Rajasabian_138.jpg,wajahraja
/Users/Lenovo/Documents/Raja/dataset\wajahraja\Rajasabian_138.png,wajahraja
/Users/Lenovo/Documents/Raja/dataset\wajahraja\Rajasabian_139.jpg,wajahraja
/Users/Lenovo/Documents/Raja/dataset\wajahraja\Rajasabian_139.png,wajahraja
/Users/Lenovo/Documents/Raja/dataset\wajahraja\Rajasabian_14.jpg,wajahraja
/Users/Lenovo/Documents/Raja/dataset\wajahraja\Rajasabian_14.png,wajahraja
/Users/Lenovo/Documents/Raja/dataset\wajahraja\Rajasabian_140.jpg,wajahraja
/Users/Lenovo/Documents/Raja/dataset\wajahraja\Rajasabian_140.png,wajahraja
/Users/Lenovo/Documents/Raja/dataset\wajahraja\Rajasabian_141.jpg,wajahraja
/Users/Lenovo/Documents/Raja/dataset\wajahraja\Rajasabian_141.png,wajahraja
/Users/Lenovo/Documents/Raja/dataset\wajahraja\Rajasabian_142.jpg,wajahraja
/Users/Lenovo/Documents/Raja/dataset\wajahraja\Rajasabian_142.png,wajahraja
/Users/Lenovo/Documents/Raja/dataset\wajahraja\Rajasabian_143.jpg,wajahraja
/Users/Lenovo/Documents/Raja/dataset\wajahraja\Rajasabian_143.png,wajahraja
/Users/Lenovo/Documents/Raja/dataset\wajahraja\Rajasabian_144.jpg,wajahraja
/Users/Lenovo/Documents/Raja/dataset\wajahraja\Rajasabian_144.png,wajahraja
/Users/Lenovo/Documents/Raja/dataset\wajahraja\Rajasabian_145.jpg,wajahraja
/Users/Lenovo/Documents/Raja/dataset\wajahraja\Rajasabian_145.png,wajahraja
/Users/Lenovo/Documents/Raja/dataset\wajahraja\Rajasabian_146.jpg,wajahraja
/Users/Lenovo/Documents/Raja/dataset\wajahraja\Rajasabian_146.png,wajahraja
/Users/Lenovo/Documents/Raja/dataset\wajahraja\Rajasabian_147.jpg,wajahraja
/Users/Lenovo/Documents/Raja/dataset\wajahraja\Rajasabian_147.png,wajahraja
/Users/Lenovo/Documents/Raja/dataset\wajahraja\Rajasabian_148.jpg,wajahraja
/Users/Lenovo/Documents/Raja/dataset\wajahraja\Rajasabian_148.png,wajahraja
/Users/Lenovo/Documents/Raja/dataset\wajahraja\Rajasabian_149.jpg,wajahraja
/Users/Lenovo/Documents/Raja/dataset\wajahraja\Rajasabian_149.png,wajahraja
/Users/Lenovo/Documents/Raja/dataset\wajahraja\Rajasabian_15.jpg,wajahraja
/Users/Lenovo/Documents/Raja/dataset\wajahraja\Rajasabian_15.png,wajahraja
/Users/Lenovo/Documents/Raja/dataset\wajahraja\Rajasabian_150.jpg,wajahraja
/Users/Lenovo/Documents/Raja/dataset\wajahraja\Rajasabian_150.png,wajahraja
/Users/Lenovo/Documents/Raja/dataset\wajahraja\Rajasabian_151.jpg,wajahraja
/Users/Lenovo/Documents/Raja/dataset\wajahraja\Rajasabian_151.png,wajahraja
/Users/Lenovo/Documents/Raja/dataset\wajahraja\Rajasabian_152.jpg,wajahraja
/Users/Lenovo/Documents/Raja/dataset\wajahraja\Rajasabian_152.png,wajahraja
/Users/Lenovo/Documents/Raja/dataset\wajahraja\Rajasabian_153.jpg,wajahraja
/Users/Lenovo/Documents/Raja/dataset\wajahraja\Rajasabian_153.png,wajahraja
/Users/Lenovo/Documents/Raja/dataset\wajahraja\Rajasabian_154.jpg,wajahraja
/Users/Lenovo/Documents/Raja/dataset\wajahraja\Rajasabian_154.png,wajahraja
/Users/Lenovo/Documents/Raja/dataset\wajahraja\Rajasabian_155.jpg,wajahraja
/Users/Lenovo/Documents/Raja/dataset\wajahraja\Rajasabian_155.png,wajahraja
/Users/Lenovo/Documents/Raja/dataset\wajahraja\Rajasabian_156.jpg,wajahraja
/Users/Lenovo/Documents/Raja/dataset\wajahraja\Rajasabian_156.png,wajahraja
/Users/Lenovo/Documents/Raja/dataset\wajahraja\Rajasabian_157.jpg,wajahraja
/Users/Lenovo/Documents/Raja/dataset\wajahraja\Rajasabian_157.png,wajahraja
/Users/Lenovo/Documents/Raja/dataset\wajahraja\Rajasabian_158.jpg,wajahraja
/Users/Lenovo/Documents/Raja/dataset\wajahraja\Rajasabian_158.png,wajahraja
/Users/Lenovo/Documents/Raja/dataset\wajahraja\Rajasabian_159.jpg,wajahraja
/Users/Lenovo/Documents/Raja/dataset\wajahraja\Rajasabian_159.png,wajahraja
/Users/Lenovo/Documents/Raja/dataset\wajahraja\Rajasabian_16.jpg,wajahraja
/Users/Lenovo/Documents/Raja/dataset\wajahraja\Rajasabian_16.png,wajahraja
/Users/Lenovo/Documents/Raja/dataset\wajahraja\Rajasabian_160.jpg,wajahraja
/Users/Lenovo/Documents/Raja/dataset\wajahraja\Rajasabian_160.png,wajahraja
/Users/Lenovo/Documents/Raja/dataset\wajahraja\Rajasabian_161.jpg,wajahraja
/Users/Lenovo/Documents/Raja/dataset\wajahraja\Rajasabian_161.png,wajahraja
/Users/Lenovo/Documents/Raja/dataset\wajahraja\Rajasabian_162.jpg,wajahraja
/Users/Lenovo/Documents/Raja/dataset\wajahraja\Rajasabian_162.png,wajahraja
/Users/Lenovo/Documents/Raja/dataset\wajahraja\Rajasabian_163.jpg,wajahraja
/Users/Lenovo/Documents/Raja/dataset\wajahraja\Rajasabian_163.png,wajahraja
/Users/Lenovo/Documents/Raja/dataset\wajahraja\Rajasabian_164.jpg,wajahraja
/Users/Lenovo/Documents/Raja/dataset\wajahraja\Rajasabian_164.png,wajahraja
/Users/Lenovo/Documents/Raja/dataset\wajahraja\Rajasabian_165.jpg,wajahraja
/Users/Lenovo/Documents/Raja/dataset\wajahraja\Rajasabian_165.png,wajahraja
/Users/Lenovo/Documents/Raja/dataset\wajahraja\Rajasabian_166.jpg,wajahraja
/Users/Lenovo/Documents/Raja/dataset\wajahraja\Rajasabian_166.png,wajahraja
/Users/Lenovo/Documents/Raja/dataset\wajahraja\Rajasabian_167.jpg,wajahraja
/Users/Lenovo/Documents/Raja/dataset\wajahraja\Rajasabian_167.png,wajahraja
/Users/Lenovo/Documents/Raja/dataset\wajahraja\Rajasabian_168.jpg,wajahraja
/Users/Lenovo/Documents/Raja/dataset\wajahraja\Rajasabian_168.png,wajahraja
/Users/Lenovo/Documents/Raja/dataset\wajahraja\Rajasabian_169.jpg,wajahraja
/Users/Lenovo/Documents/Raja/dataset\wajahraja\Rajasabian_169.png,wajahraja
/Users/Lenovo/Documents/Raja/dataset\wajahraja\Rajasabian_17.jpg,wajahraja
/Users/Lenovo/Documents/Raja/dataset\wajahraja\Rajasabian_17.png,wajahraja
/Users/Lenovo/Documents/Raja/dataset\wajahraja\Rajasabian_170.jpg,wajahraja
/Users/Lenovo/Documents/Raja/dataset\wajahraja\Rajasabian_170.png,wajahraja
/Users/Lenovo/Documents/Raja/dataset\wajahraja\Rajasabian_171.jpg,wajahraja
/Users/Lenovo/Documents/Raja/dataset\wajahraja\Rajasabian_171.png,wajahraja
/Users/Lenovo/Documents/Raja/dataset\wajahraja\Rajasabian_172.jpg,wajahraja
/Users/Lenovo/Documents/Raja/dataset\wajahraja\Rajasabian_172.png,wajahraja
/Users/Lenovo/Documents/Raja/dataset\wajahraja\Rajasabian_173.jpg,wajahraja
/Users/Lenovo/Documents/Raja/dataset\wajahraja\Rajasabian_173.png,wajahraja
/Users/Lenovo/Documents/Raja/dataset\wajahraja\Rajasabian_174.jpg,wajahraja
/Users/Lenovo/Documents/Raja/dataset\wajahraja\Rajasabian_174.png,wajahraja
/Users/Lenovo/Documents/Raja/dataset\wajahraja\Rajasabian_175.jpg,wajahraja
/Users/Lenovo/Documents/Raja/dataset\wajahraja\Rajasabian_175.png,wajahraja
/Users/Lenovo/Documents/Raja/dataset\wajahraja\Rajasabian_176.jpg,wajahraja
/Users/Lenovo/Documents/Raja/dataset\wajahraja\Rajasabian_176.png,wajahraja
/Users/Lenovo/Documents/Raja/dataset\wajahraja\Rajasabian_177.jpg,wajahraja
/Users/Lenovo/Documents/Raja/dataset\wajahraja\Rajasabian_177.png,wajahraja
/Users/Lenovo/Documents/Raja/dataset\wajahraja\Rajasabian_178.jpg,wajahraja
/Users/Lenovo/Documents/Raja/dataset\wajahraja\Rajasabian_178.png,wajahraja
/Users/Lenovo/Documents/Raja/dataset\wajahraja\Rajasabian_179.jpg,wajahraja
/Users/Lenovo/Documents/Raja/dataset\wajahraja\Rajasabian_179.png,wajahraja
/Users/Lenovo/Documents/Raja/dataset\wajahraja\Rajasabian_18.jpg,wajahraja
/Users/Lenovo/Documents/Raja/dataset\wajahraja\Rajasabian_18.png,wajahraja
/Users/Lenovo/Documents/Raja/dataset\wajahraja\Rajasabian_180.jpg,wajahraja
/Users/Lenovo/Documents/Raja/dataset\wajahraja\Rajasabian_180.png,wajahraja
/Users/Lenovo/Documents/Raja/dataset\wajahraja\Rajasabian_181.jpg,wajahraja
/Users/Lenovo/Documents/Raja/dataset\wajahraja\Rajasabian_181.png,wajahraja
/Users/Lenovo/Documents/Raja/dataset\wajahraja\Rajasabian_182.jpg,wajahraja
/Users/Lenovo/Documents/Raja/dataset\wajahraja\Rajasabian_182.png,wajahraja
/Users/Lenovo/Documents/Raja/dataset\wajahraja\Rajasabian_183.jpg,wajahraja
/Users/Lenovo/Documents/Raja/dataset\wajahraja\Rajasabian_183.png,wajahraja
/Users/Lenovo/Documents/Raja/dataset\wajahraja\Rajasabian_184.jpg,wajahraja
/Users/Lenovo/Documents/Raja/dataset\wajahraja\Rajasabian_184.png,wajahraja
/Users/Lenovo/Documents/Raja/dataset\wajahraja\Rajasabian_185.jpg,wajahraja
/Users/Lenovo/Documents/Raja/dataset\wajahraja\Rajasabian_185.png,wajahraja
/Users/Lenovo/Documents/Raja/dataset\wajahraja\Rajasabian_186.jpg,wajahraja
/Users/Lenovo/Documents/Raja/dataset\wajahraja\Rajasabian_186.png,wajahraja
/Users/Lenovo/Documents/Raja/dataset\wajahraja\Rajasabian_187.jpg,wajahraja
/Users/Lenovo/Documents/Raja/dataset\wajahraja\Rajasabian_187.png,wajahraja
/Users/Lenovo/Documents/Raja/dataset\wajahraja\Rajasabian_188.jpg,wajahraja
/Users/Lenovo/Documents/Raja/dataset\wajahraja\Rajasabian_188.png,wajahraja
/Users/Lenovo/Documents/Raja/dataset\wajahraja\Rajasabian_189.jpg,wajahraja
/Users/Lenovo/Documents/Raja/dataset\wajahraja\Rajasabian_189.png,wajahraja
/Users/Lenovo/Documents/Raja/dataset\wajahraja\Rajasabian_19.jpg,wajahraja
/Users/Lenovo/Documents/Raja/dataset\wajahraja\Rajasabian_19.png,wajahraja
/Users/Lenovo/Documents/Raja/dataset\wajahraja\Rajasabian_190.jpg,wajahraja
/Users/Lenovo/Documents/Raja/dataset\wajahraja\Rajasabian_190.png,wajahraja
/Users/Lenovo/Documents/Raja/dataset\wajahraja\Rajasabian_191.jpg,wajahraja
/Users/Lenovo/Documents/Raja/dataset\wajahraja\Rajasabian_191.png,wajahraja
/Users/Lenovo/Documents/Raja/dataset\wajahraja\Rajasabian_192.jpg,wajahraja
/Users/Lenovo/Documents/Raja/dataset\wajahraja\Rajasabian_192.png,wajahraja
/Users/Lenovo/Documents/Raja/dataset\wajahraja\Rajasabian_193.jpg,wajahraja
/Users/Lenovo/Documents/Raja/dataset\wajahraja\Rajasabian_193.png,wajahraja
/Users/Lenovo/Documents/Raja/dataset\wajahraja\Rajasabian_194.jpg,wajahraja
/Users/Lenovo/Documents/Raja/dataset\wajahraja\Rajasabian_194.png,wajahraja
/Users/Lenovo/Documents/Raja/dataset\wajahraja\Rajasabian_195.jpg,wajahraja
/Users/Lenovo/Documents/Raja/dataset\wajahraja\Rajasabian_195.png,wajahraja
/Users/Lenovo/Documents/Raja/dataset\wajahraja\Rajasabian_196.jpg,wajahraja
/Users/Lenovo/Documents/Raja/dataset\wajahraja\Rajasabian_196.png,wajahraja
/Users/Lenovo/Documents/Raja/dataset\wajahraja\Rajasabian_197.jpg,wajahraja
/Users/Lenovo/Documents/Raja/dataset\wajahraja\Rajasabian_197.png,wajahraja
/Users/Lenovo/Documents/Raja/dataset\wajahraja\Rajasabian_198.jpg,wajahraja
/Users/Lenovo/Documents/Raja/dataset\wajahraja\Rajasabian_198.png,wajahraja
/Users/Lenovo/Documents/Raja/dataset\wajahraja\Rajasabian_199.jpg,wajahraja
/Users/Lenovo/Documents/Raja/dataset\wajahraja\Rajasabian_199.png,wajahraja
/Users/Lenovo/Documents/Raja/dataset\wajahraja\Rajasabian_2.jpg,wajahraja
/Users/Lenovo/Documents/Raja/dataset\wajahraja\Rajasabian_2.png,wajahraja
/Users/Lenovo/Documents/Raja/dataset\wajahraja\Rajasabian_20.jpg,wajahraja
/Users/Lenovo/Documents/Raja/dataset\wajahraja\Rajasabian_20.png,wajahraja
/Users/Lenovo/Documents/Raja/dataset\wajahraja\Rajasabian_200.jpg,wajahraja
/Users/Lenovo/Documents/Raja/dataset\wajahraja\Rajasabian_200.png,wajahraja
/Users/Lenovo/Documents/Raja/dataset\wajahraja\Rajasabian_201.jpg,wajahraja
/Users/Lenovo/Documents/Raja/dataset\wajahraja\Rajasabian_201.png,wajahraja
/Users/Lenovo/Documents/Raja/dataset\wajahraja\Rajasabian_202.jpg,wajahraja
/Users/Lenovo/Documents/Raja/dataset\wajahraja\Rajasabian_202.png,wajahraja
/Users/Lenovo/Documents/Raja/dataset\wajahraja\Rajasabian_203.jpg,wajahraja
/Users/Lenovo/Documents/Raja/dataset\wajahraja\Rajasabian_203.png,wajahraja
/Users/Lenovo/Documents/Raja/dataset\wajahraja\Rajasabian_204.jpg,wajahraja
/Users/Lenovo/Documents/Raja/dataset\wajahraja\Rajasabian_204.png,wajahraja
/Users/Lenovo/Documents/Raja/dataset\wajahraja\Rajasabian_205.jpg,wajahraja
/Users/Lenovo/Documents/Raja/dataset\wajahraja\Rajasabian_205.png,wajahraja
/Users/Lenovo/Documents/Raja/dataset\wajahraja\Rajasabian_206.jpg,wajahraja
/Users/Lenovo/Documents/Raja/dataset\wajahraja\Rajasabian_206.png,wajahraja
/Users/Lenovo/Documents/Raja/dataset\wajahraja\Rajasabian_207.jpg,wajahraja
/Users/Lenovo/Documents/Raja/dataset\wajahraja\Rajasabian_207.png,wajahraja
/Users/Lenovo/Documents/Raja/dataset\wajahraja\Rajasabian_208.jpg,wajahraja
/Users/Lenovo/Documents/Raja/dataset\wajahraja\Rajasabian_208.png,wajahraja
/Users/Lenovo/Documents/Raja/dataset\wajahraja\Rajasabian_209.jpg,wajahraja
/Users/Lenovo/Documents/Raja/dataset\wajahraja\Rajasabian_209.png,wajahraja
/Users/Lenovo/Documents/Raja/dataset\wajahraja\Rajasabian_21.jpg,wajahraja
/Users/Lenovo/Documents/Raja/dataset\wajahraja\Rajasabian_21.png,wajahraja
/Users/Lenovo/Documents/Raja/dataset\wajahraja\Rajasabian_210.jpg,wajahraja
/Users/Lenovo/Documents/Raja/dataset\wajahraja\Rajasabian_210.png,wajahraja
/Users/Lenovo/Documents/Raja/dataset\wajahraja\Rajasabian_211.jpg,wajahraja
/Users/Lenovo/Documents/Raja/dataset\wajahraja\Rajasabian_211.png,wajahraja
/Users/Lenovo/Documents/Raja/dataset\wajahraja\Rajasabian_212.jpg,wajahraja
/Users/Lenovo/Documents/Raja/dataset\wajahraja\Rajasabian_212.png,wajahraja
/Users/Lenovo/Documents/Raja/dataset\wajahraja\Rajasabian_213.jpg,wajahraja
/Users/Lenovo/Documents/Raja/dataset\wajahraja\Rajasabian_213.png,wajahraja
/Users/Lenovo/Documents/Raja/dataset\wajahraja\Rajasabian_214.jpg,wajahraja
/Users/Lenovo/Documents/Raja/dataset\wajahraja\Rajasabian_214.png,wajahraja
/Users/Lenovo/Documents/Raja/dataset\wajahraja\Rajasabian_215.jpg,wajahraja
/Users/Lenovo/Documents/Raja/dataset\wajahraja\Rajasabian_215.png,wajahraja
/Users/Lenovo/Documents/Raja/dataset\wajahraja\Rajasabian_216.jpg,wajahraja
/Users/Lenovo/Documents/Raja/dataset\wajahraja\Rajasabian_216.png,wajahraja
/Users/Lenovo/Documents/Raja/dataset\wajahraja\Rajasabian_217.jpg,wajahraja
/Users/Lenovo/Documents/Raja/dataset\wajahraja\Rajasabian_217.png,wajahraja
/Users/Lenovo/Documents/Raja/dataset\wajahraja\Rajasabian_218.jpg,wajahraja
/Users/Lenovo/Documents/Raja/dataset\wajahraja\Rajasabian_218.png,wajahraja
/Users/Lenovo/Documents/Raja/dataset\wajahraja\Rajasabian_219.jpg,wajahraja
/Users/Lenovo/Documents/Raja/dataset\wajahraja\Rajasabian_219.png,wajahraja
/Users/Lenovo/Documents/Raja/dataset\wajahraja\Rajasabian_22.jpg,wajahraja
/Users/Lenovo/Documents/Raja/dataset\wajahraja\Rajasabian_22.png,wajahraja
/Users/Lenovo/Documents/Raja/dataset\wajahraja\Rajasabian_220.jpg,wajahraja
/Users/Lenovo/Documents/Raja/dataset\wajahraja\Rajasabian_220.png,wajahraja
/Users/Lenovo/Documents/Raja/dataset\wajahraja\Rajasabian_221.jpg,wajahraja
/Users/Lenovo/Documents/Raja/dataset\wajahraja\Rajasabian_221.png,wajahraja
/Users/Lenovo/Documents/Raja/dataset\wajahraja\Rajasabian_222.jpg,wajahraja
/Users/Lenovo/Documents/Raja/dataset\wajahraja\Rajasabian_222.png,wajahraja
/Users/Lenovo/Documents/Raja/dataset\wajahraja\Rajasabian_223.jpg,wajahraja
/Users/Lenovo/Documents/Raja/dataset\wajahraja\Rajasabian_223.png,wajahraja
/Users/Lenovo/Documents/Raja/dataset\wajahraja\Rajasabian_224.jpg,wajahraja
/Users/Lenovo/Documents/Raja/dataset\wajahraja\Rajasabian_224.png,wajahraja
/Users/Lenovo/Documents/Raja/dataset\wajahraja\Rajasabian_225.jpg,wajahraja
/Users/Lenovo/Documents/Raja/dataset\wajahraja\Rajasabian_225.png,wajahraja
/Users/Lenovo/Documents/Raja/dataset\wajahraja\Rajasabian_226.jpg,wajahraja
/Users/Lenovo/Documents/Raja/dataset\wajahraja\Rajasabian_226.png,wajahraja
/Users/Lenovo/Documents/Raja/dataset\wajahraja\Rajasabian_227.jpg,wajahraja
/Users/Lenovo/Documents/Raja/dataset\wajahraja\Rajasabian_227.png,wajahraja
/Users/Lenovo/Documents/Raja/dataset\wajahraja\Rajasabian_228.jpg,wajahraja
/Users/Lenovo/Documents/Raja/dataset\wajahraja\Rajasabian_228.png,wajahraja
/Users/Lenovo/Documents/Raja/dataset\wajahraja\Rajasabian_229.jpg,wajahraja
/Users/Lenovo/Documents/Raja/dataset\wajahraja\Rajasabian_229.png,wajahraja
/Users/Lenovo/Documents/Raja/dataset\wajahraja\Rajasabian_23.jpg,wajahraja
/Users/Lenovo/Documents/Raja/dataset\wajahraja\Rajasabian_23.png,wajahraja
/Users/Lenovo/Documents/Raja/dataset\wajahraja\Rajasabian_230.jpg,wajahraja
/Users/Lenovo/Documents/Raja/dataset\wajahraja\Rajasabian_230.png,wajahraja
/Users/Lenovo/Documents/Raja/dataset\wajahraja\Rajasabian_231.jpg,wajahraja
/Users/Lenovo/Documents/Raja/dataset\wajahraja\Rajasabian_231.png,wajahraja
/Users/Lenovo/Documents/Raja/dataset\wajahraja\Rajasabian_232.jpg,wajahraja
/Users/Lenovo/Documents/Raja/dataset\wajahraja\Rajasabian_232.png,wajahraja
/Users/Lenovo/Documents/Raja/dataset\wajahraja\Rajasabian_233.jpg,wajahraja
/Users/Lenovo/Documents/Raja/dataset\wajahraja\Rajasabian_233.png,wajahraja
/Users/Lenovo/Documents/Raja/dataset\wajahraja\Rajasabian_234.jpg,wajahraja
/Users/Lenovo/Documents/Raja/dataset\wajahraja\Rajasabian_234.png,wajahraja
/Users/Lenovo/Documents/Raja/dataset\wajahraja\Rajasabian_235.jpg,wajahraja
/Users/Lenovo/Documents/Raja/dataset\wajahraja\Rajasabian_235.png,wajahraja
/Users/Lenovo/Documents/Raja/dataset\wajahraja\Rajasabian_236.jpg,wajahraja
/Users/Lenovo/Documents/Raja/dataset\wajahraja\Rajasabian_236.png,wajahraja
/Users/Lenovo/Documents/Raja/dataset\wajahraja\Rajasabian_237.jpg,wajahraja
/Users/Lenovo/Documents/Raja/dataset\wajahraja\Rajasabian_237.png,wajahraja
/Users/Lenovo/Documents/Raja/dataset\wajahraja\Rajasabian_238.jpg,wajahraja
/Users/Lenovo/Documents/Raja/dataset\wajahraja\Rajasabian_238.png,wajahraja
/Users/Lenovo/Documents/Raja/dataset\wajahraja\Rajasabian_239.jpg,wajahraja
/Users/Lenovo/Documents/Raja/dataset\wajahraja\Rajasabian_239.png,wajahraja
/Users/Lenovo/Documents/Raja/dataset\wajahraja\Rajasabian_24.jpg,wajahraja
/Users/Lenovo/Documents/Raja/dataset\wajahraja\Rajasabian_24.png,wajahraja
/Users/Lenovo/Documents/Raja/dataset\wajahraja\Rajasabian_240.jpg,wajahraja
/Users/Lenovo/Documents/Raja/dataset\wajahraja\Rajasabian_240.png,wajahraja
/Users/Lenovo/Documents/Raja/dataset\wajahraja\Rajasabian_241.jpg,wajahraja
/Users/Lenovo/Documents/Raja/dataset\wajahraja\Rajasabian_241.png,wajahraja
/Users/Lenovo/Documents/Raja/dataset\wajahraja\Rajasabian_242.jpg,wajahraja
/Users/Lenovo/Documents/Raja/dataset\wajahraja\Rajasabian_242.png,wajahraja
/Users/Lenovo/Documents/Raja/dataset\wajahraja\Rajasabian_243.jpg,wajahraja
/Users/Lenovo/Documents/Raja/dataset\wajahraja\Rajasabian_243.png,wajahraja
/Users/Lenovo/Documents/Raja/dataset\wajahraja\Rajasabian_244.jpg,wajahraja
/Users/Lenovo/Documents/Raja/dataset\wajahraja\Rajasabian_244.png,wajahraja
/Users/Lenovo/Documents/Raja/dataset\wajahraja\Rajasabian_245.jpg,wajahraja
/Users/Lenovo/Documents/Raja/dataset\wajahraja\Rajasabian_245.png,wajahraja
/Users/Lenovo/Documents/Raja/dataset\wajahraja\Rajasabian_246.jpg,wajahraja
/Users/Lenovo/Documents/Raja/dataset\wajahraja\Rajasabian_246.png,wajahraja
/Users/Lenovo/Documents/Raja/dataset\wajahraja\Rajasabian_247.jpg,wajahraja
/Users/Lenovo/Documents/Raja/dataset\wajahraja\Rajasabian_247.png,wajahraja
/Users/Lenovo/Documents/Raja/dataset\wajahraja\Rajasabian_248.jpg,wajahraja
/Users/Lenovo/Documents/Raja/dataset\wajahraja\Rajasabian_248.png,wajahraja
/Users/Lenovo/Documents/Raja/dataset\wajahraja\Rajasabian_249.jpg,wajahraja
/Users/Lenovo/Documents/Raja/dataset\wajahraja\Rajasabian_249.png,wajahraja
/Users/Lenovo/Documents/Raja/dataset\wajahraja\Rajasabian_25.jpg,wajahraja
/Users/Lenovo/Documents/Raja/dataset\wajahraja\Rajasabian_25.png,wajahraja
/Users/Lenovo/Documents/Raja/dataset\wajahraja\Rajasabian_250.jpg,wajahraja
/Users/Lenovo/Documents/Raja/dataset\wajahraja\Rajasabian_250.png,wajahraja
/Users/Lenovo/Documents/Raja/dataset\wajahraja\Rajasabian_251.jpg,wajahraja
/Users/Lenovo/Documents/Raja/dataset\wajahraja\Rajasabian_251.png,wajahraja
/Users/Lenovo/Documents/Raja/dataset\wajahraja\Rajasabian_252.jpg,wajahraja
/Users/Lenovo/Documents/Raja/dataset\wajahraja\Rajasabian_252.png,wajahraja
/Users/Lenovo/Documents/Raja/dataset\wajahraja\Rajasabian_253.jpg,wajahraja
/Users/Lenovo/Documents/Raja/dataset\wajahraja\Rajasabian_253.png,wajahraja
/Users/Lenovo/Documents/Raja/dataset\wajahraja\Rajasabian_254.jpg,wajahraja
/Users/Lenovo/Documents/Raja/dataset\wajahraja\Rajasabian_254.png,wajahraja
/Users/Lenovo/Documents/Raja/dataset\wajahraja\Rajasabian_255.jpg,wajahraja
/Users/Lenovo/Documents/Raja/dataset\wajahraja\Rajasabian_255.png,wajahraja
/Users/Lenovo/Documents/Raja/dataset\wajahraja\Rajasabian_256.jpg,wajahraja
/Users/Lenovo/Documents/Raja/dataset\wajahraja\Rajasabian_256.png,wajahraja
/Users/Lenovo/Documents/Raja/dataset\wajahraja\Rajasabian_257.jpg,wajahraja
/Users/Lenovo/Documents/Raja/dataset\wajahraja\Rajasabian_257.png,wajahraja
/Users/Lenovo/Documents/Raja/dataset\wajahraja\Rajasabian_258.jpg,wajahraja
/Users/Lenovo/Documents/Raja/dataset\wajahraja\Rajasabian_258.png,wajahraja
/Users/Lenovo/Documents/Raja/dataset\wajahraja\Rajasabian_259.jpg,wajahraja
/Users/Lenovo/Documents/Raja/dataset\wajahraja\Rajasabian_259.png,wajahraja
/Users/Lenovo/Documents/Raja/dataset\wajahraja\Rajasabian_26.jpg,wajahraja
/Users/Lenovo/Documents/Raja/dataset\wajahraja\Rajasabian_26.png,wajahraja
/Users/Lenovo/Documents/Raja/dataset\wajahraja\Rajasabian_260.jpg,wajahraja
/Users/Lenovo/Documents/Raja/dataset\wajahraja\Rajasabian_260.png,wajahraja
/Users/Lenovo/Documents/Raja/dataset\wajahraja\Rajasabian_261.jpg,wajahraja
/Users/Lenovo/Documents/Raja/dataset\wajahraja\Rajasabian_261.png,wajahraja
/Users/Lenovo/Documents/Raja/dataset\wajahraja\Rajasabian_262.jpg,wajahraja
/Users/Lenovo/Documents/Raja/dataset\wajahraja\Rajasabian_262.png,wajahraja
/Users/Lenovo/Documents/Raja/dataset\wajahraja\Rajasabian_263.jpg,wajahraja
/Users/Lenovo/Documents/Raja/dataset\wajahraja\Rajasabian_263.png,wajahraja
/Users/Lenovo/Documents/Raja/dataset\wajahraja\Rajasabian_264.jpg,wajahraja
/Users/Lenovo/Documents/Raja/dataset\wajahraja\Rajasabian_264.png,wajahraja
/Users/Lenovo/Documents/Raja/dataset\wajahraja\Rajasabian_265.jpg,wajahraja
/Users/Lenovo/Documents/Raja/dataset\wajahraja\Rajasabian_265.png,wajahraja
/Users/Lenovo/Documents/Raja/dataset\wajahraja\Rajasabian_266.jpg,wajahraja
/Users/Lenovo/Documents/Raja/dataset\wajahraja\Rajasabian_266.png,wajahraja
/Users/Lenovo/Documents/Raja/dataset\wajahraja\Rajasabian_267.jpg,wajahraja
/Users/Lenovo/Documents/Raja/dataset\wajahraja\Rajasabian_267.png,wajahraja
/Users/Lenovo/Documents/Raja/dataset\wajahraja\Rajasabian_268.jpg,wajahraja
/Users/Lenovo/Documents/Raja/dataset\wajahraja\Rajasabian_268.png,wajahraja
/Users/Lenovo/Documents/Raja/dataset\wajahraja\Rajasabian_269.jpg,wajahraja
/Users/Lenovo/Documents/Raja/dataset\wajahraja\Rajasabian_269.png,wajahraja
/Users/Lenovo/Documents/Raja/dataset\wajahraja\Rajasabian_27.jpg,wajahraja
/Users/Lenovo/Documents/Raja/dataset\wajahraja\Rajasabian_27.png,wajahraja
/Users/Lenovo/Documents/Raja/dataset\wajahraja\Rajasabian_270.jpg,wajahraja
/Users/Lenovo/Documents/Raja/dataset\wajahraja\Rajasabian_270.png,wajahraja
/Users/Lenovo/Documents/Raja/dataset\wajahraja\Rajasabian_271.jpg,wajahraja
/Users/Lenovo/Documents/Raja/dataset\wajahraja\Rajasabian_271.png,wajahraja
/Users/Lenovo/Documents/Raja/dataset\wajahraja\Rajasabian_272.jpg,wajahraja
/Users/Lenovo/Documents/Raja/dataset\wajahraja\Rajasabian_272.png,wajahraja
/Users/Lenovo/Documents/Raja/dataset\wajahraja\Rajasabian_273.jpg,wajahraja
/Users/Lenovo/Documents/Raja/dataset\wajahraja\Rajasabian_273.png,wajahraja
/Users/Lenovo/Documents/Raja/dataset\wajahraja\Rajasabian_274.jpg,wajahraja
/Users/Lenovo/Documents/Raja/dataset\wajahraja\Rajasabian_274.png,wajahraja
/Users/Lenovo/Documents/Raja/dataset\wajahraja\Rajasabian_275.jpg,wajahraja
/Users/Lenovo/Documents/Raja/dataset\wajahraja\Rajasabian_275.png,wajahraja
/Users/Lenovo/Documents/Raja/dataset\wajahraja\Rajasabian_276.jpg,wajahraja
/Users/Lenovo/Documents/Raja/dataset\wajahraja\Rajasabian_276.png,wajahraja
/Users/Lenovo/Documents/Raja/dataset\wajahraja\Rajasabian_277.jpg,wajahraja
/Users/Lenovo/Documents/Raja/dataset\wajahraja\Rajasabian_277.png,wajahraja
/Users/Lenovo/Documents/Raja/dataset\wajahraja\Rajasabian_278.jpg,wajahraja
/Users/Lenovo/Documents/Raja/dataset\wajahraja\Rajasabian_278.png,wajahraja
/Users/Lenovo/Documents/Raja/dataset\wajahraja\Rajasabian_279.jpg,wajahraja
/Users/Lenovo/Documents/Raja/dataset\wajahraja\Rajasabian_279.png,wajahraja
/Users/Lenovo/Documents/Raja/dataset\wajahraja\Rajasabian_28.jpg,wajahraja
/Users/Lenovo/Documents/Raja/dataset\wajahraja\Rajasabian_28.png,wajahraja
/Users/Lenovo/Documents/Raja/dataset\wajahraja\Rajasabian_280.jpg,wajahraja
/Users/Lenovo/Documents/Raja/dataset\wajahraja\Rajasabian_280.png,wajahraja
/Users/Lenovo/Documents/Raja/dataset\wajahraja\Rajasabian_281.jpg,wajahraja
/Users/Lenovo/Documents/Raja/dataset\wajahraja\Rajasabian_281.png,wajahraja
/Users/Lenovo/Documents/Raja/dataset\wajahraja\Rajasabian_282.jpg,wajahraja
/Users/Lenovo/Documents/Raja/dataset\wajahraja\Rajasabian_282.png,wajahraja
/Users/Lenovo/Documents/Raja/dataset\wajahraja\Rajasabian_283.jpg,wajahraja
/Users/Lenovo/Documents/Raja/dataset\wajahraja\Rajasabian_283.png,wajahraja
/Users/Lenovo/Documents/Raja/dataset\wajahraja\Rajasabian_284.jpg,wajahraja
/Users/Lenovo/Documents/Raja/dataset\wajahraja\Rajasabian_284.png,wajahraja
/Users/Lenovo/Documents/Raja/dataset\wajahraja\Rajasabian_285.jpg,wajahraja
/Users/Lenovo/Documents/Raja/dataset\wajahraja\Rajasabian_285.png,wajahraja
/Users/Lenovo/Documents/Raja/dataset\wajahraja\Rajasabian_286.jpg,wajahraja
/Users/Lenovo/Documents/Raja/dataset\wajahraja\Rajasabian_286.png,wajahraja
/Users/Lenovo/Documents/Raja/dataset\wajahraja\Rajasabian_287.jpg,wajahraja
/Users/Lenovo/Documents/Raja/dataset\wajahraja\Rajasabian_287.png,wajahraja
/Users/Lenovo/Documents/Raja/dataset\wajahraja\Rajasabian_288.jpg,wajahraja
/Users/Lenovo/Documents/Raja/dataset\wajahraja\Rajasabian_288.png,wajahraja
/Users/Lenovo/Documents/Raja/dataset\wajahraja\Rajasabian_289.jpg,wajahraja
/Users/Lenovo/Documents/Raja/dataset\wajahraja\Rajasabian_289.png,wajahraja
/Users/Lenovo/Documents/Raja/dataset\wajahraja\Rajasabian_29.jpg,wajahraja
/Users/Lenovo/Documents/Raja/dataset\wajahraja\Rajasabian_29.png,wajahraja
/Users/Lenovo/Documents/Raja/dataset\wajahraja\Rajasabian_290.jpg,wajahraja
/Users/Lenovo/Documents/Raja/dataset\wajahraja\Rajasabian_290.png,wajahraja
/Users/Lenovo/Documents/Raja/dataset\wajahraja\Rajasabian_291.jpg,wajahraja
/Users/Lenovo/Documents/Raja/dataset\wajahraja\Rajasabian_291.png,wajahraja
/Users/Lenovo/Documents/Raja/dataset\wajahraja\Rajasabian_292.jpg,wajahraja
/Users/Lenovo/Documents/Raja/dataset\wajahraja\Rajasabian_292.png,wajahraja
/Users/Lenovo/Documents/Raja/dataset\wajahraja\Rajasabian_293.jpg,wajahraja
/Users/Lenovo/Documents/Raja/dataset\wajahraja\Rajasabian_293.png,wajahraja
/Users/Lenovo/Documents/Raja/dataset\wajahraja\Rajasabian_294.jpg,wajahraja
/Users/Lenovo/Documents/Raja/dataset\wajahraja\Rajasabian_294.png,wajahraja
/Users/Lenovo/Documents/Raja/dataset\wajahraja\Rajasabian_295.jpg,wajahraja
/Users/Lenovo/Documents/Raja/dataset\wajahraja\Rajasabian_295.png,wajahraja
/Users/Lenovo/Documents/Raja/dataset\wajahraja\Rajasabian_296.jpg,wajahraja
/Users/Lenovo/Documents/Raja/dataset\wajahraja\Rajasabian_296.png,wajahraja
/Users/Lenovo/Documents/Raja/dataset\wajahraja\Rajasabian_297.jpg,wajahraja
/Users/Lenovo/Documents/Raja/dataset\wajahraja\Rajasabian_297.png,wajahraja
/Users/Lenovo/Documents/Raja/dataset\wajahraja\Rajasabian_298.jpg,wajahraja
/Users/Lenovo/Documents/Raja/dataset\wajahraja\Rajasabian_298.png,wajahraja
/Users/Lenovo/Documents/Raja/dataset\wajahraja\Rajasabian_299.jpg,wajahraja
/Users/Lenovo/Documents/Raja/dataset\wajahraja\Rajasabian_299.png,wajahraja
/Users/Lenovo/Documents/Raja/dataset\wajahraja\Rajasabian_3.jpg,wajahraja
/Users/Lenovo/Documents/Raja/dataset\wajahraja\Rajasabian_3.png,wajahraja
/Users/Lenovo/Documents/Raja/dataset\wajahraja\Rajasabian_30.jpg,wajahraja
/Users/Lenovo/Documents/Raja/dataset\wajahraja\Rajasabian_30.png,wajahraja
/Users/Lenovo/Documents/Raja/dataset\wajahraja\Rajasabian_300.jpg,wajahraja
/Users/Lenovo/Documents/Raja/dataset\wajahraja\Rajasabian_300.png,wajahraja
/Users/Lenovo/Documents/Raja/dataset\wajahraja\Rajasabian_301.jpg,wajahraja
/Users/Lenovo/Documents/Raja/dataset\wajahraja\Rajasabian_301.png,wajahraja
/Users/Lenovo/Documents/Raja/dataset\wajahraja\Rajasabian_302.jpg,wajahraja
/Users/Lenovo/Documents/Raja/dataset\wajahraja\Rajasabian_302.png,wajahraja
/Users/Lenovo/Documents/Raja/dataset\wajahraja\Rajasabian_303.jpg,wajahraja
/Users/Lenovo/Documents/Raja/dataset\wajahraja\Rajasabian_303.png,wajahraja
/Users/Lenovo/Documents/Raja/dataset\wajahraja\Rajasabian_304.jpg,wajahraja
/Users/Lenovo/Documents/Raja/dataset\wajahraja\Rajasabian_304.png,wajahraja
/Users/Lenovo/Documents/Raja/dataset\wajahraja\Rajasabian_305.jpg,wajahraja
/Users/Lenovo/Documents/Raja/dataset\wajahraja\Rajasabian_305.png,wajahraja
/Users/Lenovo/Documents/Raja/dataset\wajahraja\Rajasabian_306.jpg,wajahraja
/Users/Lenovo/Documents/Raja/dataset\wajahraja\Rajasabian_306.png,wajahraja
/Users/Lenovo/Documents/Raja/dataset\wajahraja\Rajasabian_307.jpg,wajahraja
/Users/Lenovo/Documents/Raja/dataset\wajahraja\Rajasabian_307.png,wajahraja
/Users/Lenovo/Documents/Raja/dataset\wajahraja\Rajasabian_308.jpg,wajahraja
/Users/Lenovo/Documents/Raja/dataset\wajahraja\Rajasabian_308.png,wajahraja
/Users/Lenovo/Documents/Raja/dataset\wajahraja\Rajasabian_309.jpg,wajahraja
/Users/Lenovo/Documents/Raja/dataset\wajahraja\Rajasabian_309.png,wajahraja
/Users/Lenovo/Documents/Raja/dataset\wajahraja\Rajasabian_31.jpg,wajahraja
/Users/Lenovo/Documents/Raja/dataset\wajahraja\Rajasabian_31.png,wajahraja
/Users/Lenovo/Documents/Raja/dataset\wajahraja\Rajasabian_310.jpg,wajahraja
/Users/Lenovo/Documents/Raja/dataset\wajahraja\Rajasabian_310.png,wajahraja
/Users/Lenovo/Documents/Raja/dataset\wajahraja\Rajasabian_311.jpg,wajahraja
/Users/Lenovo/Documents/Raja/dataset\wajahraja\Rajasabian_311.png,wajahraja
/Users/Lenovo/Documents/Raja/dataset\wajahraja\Rajasabian_312.jpg,wajahraja
/Users/Lenovo/Documents/Raja/dataset\wajahraja\Rajasabian_312.png,wajahraja
/Users/Lenovo/Documents/Raja/dataset\wajahraja\Rajasabian_313.jpg,wajahraja
/Users/Lenovo/Documents/Raja/dataset\wajahraja\Rajasabian_313.png,wajahraja
/Users/Lenovo/Documents/Raja/dataset\wajahraja\Rajasabian_314.jpg,wajahraja
/Users/Lenovo/Documents/Raja/dataset\wajahraja\Rajasabian_314.png,wajahraja
/Users/Lenovo/Documents/Raja/dataset\wajahraja\Rajasabian_315.jpg,wajahraja
/Users/Lenovo/Documents/Raja/dataset\wajahraja\Rajasabian_315.png,wajahraja
/Users/Lenovo/Documents/Raja/dataset\wajahraja\Rajasabian_316.jpg,wajahraja
/Users/Lenovo/Documents/Raja/dataset\wajahraja\Rajasabian_316.png,wajahraja
/Users/Lenovo/Documents/Raja/dataset\wajahraja\Rajasabian_317.jpg,wajahraja
/Users/Lenovo/Documents/Raja/dataset\wajahraja\Rajasabian_317.png,wajahraja
/Users/Lenovo/Documents/Raja/dataset\wajahraja\Rajasabian_318.jpg,wajahraja
/Users/Lenovo/Documents/Raja/dataset\wajahraja\Rajasabian_318.png,wajahraja
/Users/Lenovo/Documents/Raja/dataset\wajahraja\Rajasabian_319.jpg,wajahraja
/Users/Lenovo/Documents/Raja/dataset\wajahraja\Rajasabian_319.png,wajahraja
/Users/Lenovo/Documents/Raja/dataset\wajahraja\Rajasabian_32.jpg,wajahraja
/Users/Lenovo/Documents/Raja/dataset\wajahraja\Rajasabian_32.png,wajahraja
/Users/Lenovo/Documents/Raja/dataset\wajahraja\Rajasabian_320.jpg,wajahraja
/Users/Lenovo/Documents/Raja/dataset\wajahraja\Rajasabian_320.png,wajahraja
/Users/Lenovo/Documents/Raja/dataset\wajahraja\Rajasabian_321.jpg,wajahraja
/Users/Lenovo/Documents/Raja/dataset\wajahraja\Rajasabian_321.png,wajahraja
/Users/Lenovo/Documents/Raja/dataset\wajahraja\Rajasabian_322.jpg,wajahraja
/Users/Lenovo/Documents/Raja/dataset\wajahraja\Rajasabian_322.png,wajahraja
/Users/Lenovo/Documents/Raja/dataset\wajahraja\Rajasabian_323.jpg,wajahraja
/Users/Lenovo/Documents/Raja/dataset\wajahraja\Rajasabian_323.png,wajahraja
/Users/Lenovo/Documents/Raja/dataset\wajahraja\Rajasabian_324.jpg,wajahraja
/Users/Lenovo/Documents/Raja/dataset\wajahraja\Rajasabian_324.png,wajahraja
/Users/Lenovo/Documents/Raja/dataset\wajahraja\Rajasabian_325.jpg,wajahraja
/Users/Lenovo/Documents/Raja/dataset\wajahraja\Rajasabian_325.png,wajahraja
/Users/Lenovo/Documents/Raja/dataset\wajahraja\Rajasabian_326.jpg,wajahraja
/Users/Lenovo/Documents/Raja/dataset\wajahraja\Rajasabian_326.png,wajahraja
/Users/Lenovo/Documents/Raja/dataset\wajahraja\Rajasabian_327.jpg,wajahraja
/Users/Lenovo/Documents/Raja/dataset\wajahraja\Rajasabian_327.png,wajahraja
/Users/Lenovo/Documents/Raja/dataset\wajahraja\Rajasabian_328.jpg,wajahraja
/Users/Lenovo/Documents/Raja/dataset\wajahraja\Rajasabian_328.png,wajahraja
/Users/Lenovo/Documents/Raja/dataset\wajahraja\Rajasabian_329.jpg,wajahraja
/Users/Lenovo/Documents/Raja/dataset\wajahraja\Rajasabian_329.png,wajahraja
/Users/Lenovo/Documents/Raja/dataset\wajahraja\Rajasabian_33.jpg,wajahraja
/Users/Lenovo/Documents/Raja/dataset\wajahraja\Rajasabian_33.png,wajahraja
/Users/Lenovo/Documents/Raja/dataset\wajahraja\Rajasabian_330.jpg,wajahraja
/Users/Lenovo/Documents/Raja/dataset\wajahraja\Rajasabian_330.png,wajahraja
/Users/Lenovo/Documents/Raja/dataset\wajahraja\Rajasabian_331.jpg,wajahraja
/Users/Lenovo/Documents/Raja/dataset\wajahraja\Rajasabian_331.png,wajahraja
/Users/Lenovo/Documents/Raja/dataset\wajahraja\Rajasabian_332.jpg,wajahraja
/Users/Lenovo/Documents/Raja/dataset\wajahraja\Rajasabian_332.png,wajahraja
/Users/Lenovo/Documents/Raja/dataset\wajahraja\Rajasabian_333.jpg,wajahraja
/Users/Lenovo/Documents/Raja/dataset\wajahraja\Rajasabian_333.png,wajahraja
/Users/Lenovo/Documents/Raja/dataset\wajahraja\Rajasabian_334.jpg,wajahraja
/Users/Lenovo/Documents/Raja/dataset\wajahraja\Rajasabian_334.png,wajahraja
/Users/Lenovo/Documents/Raja/dataset\wajahraja\Rajasabian_335.jpg,wajahraja
/Users/Lenovo/Documents/Raja/dataset\wajahraja\Rajasabian_335.png,wajahraja
/Users/Lenovo/Documents/Raja/dataset\wajahraja\Rajasabian_336.jpg,wajahraja
/Users/Lenovo/Documents/Raja/dataset\wajahraja\Rajasabian_336.png,wajahraja
/Users/Lenovo/Documents/Raja/dataset\wajahraja\Rajasabian_337.jpg,wajahraja
/Users/Lenovo/Documents/Raja/dataset\wajahraja\Rajasabian_337.png,wajahraja
/Users/Lenovo/Documents/Raja/dataset\wajahraja\Rajasabian_338.jpg,wajahraja
/Users/Lenovo/Documents/Raja/dataset\wajahraja\Rajasabian_338.png,wajahraja
/Users/Lenovo/Documents/Raja/dataset\wajahraja\Rajasabian_339.jpg,wajahraja
/Users/Lenovo/Documents/Raja/dataset\wajahraja\Rajasabian_339.png,wajahraja
/Users/Lenovo/Documents/Raja/dataset\wajahraja\Rajasabian_34.jpg,wajahraja
/Users/Lenovo/Documents/Raja/dataset\wajahraja\Rajasabian_34.png,wajahraja
/Users/Lenovo/Documents/Raja/dataset\wajahraja\Rajasabian_340.jpg,wajahraja
/Users/Lenovo/Documents/Raja/dataset\wajahraja\Rajasabian_340.png,wajahraja
/Users/Lenovo/Documents/Raja/dataset\wajahraja\Rajasabian_341.jpg,wajahraja
/Users/Lenovo/Documents/Raja/dataset\wajahraja\Rajasabian_341.png,wajahraja
/Users/Lenovo/Documents/Raja/dataset\wajahraja\Rajasabian_342.jpg,wajahraja
/Users/Lenovo/Documents/Raja/dataset\wajahraja\Rajasabian_342.png,wajahraja
/Users/Lenovo/Documents/Raja/dataset\wajahraja\Rajasabian_343.jpg,wajahraja
/Users/Lenovo/Documents/Raja/dataset\wajahraja\Rajasabian_343.png,wajahraja
/Users/Lenovo/Documents/Raja/dataset\wajahraja\Rajasabian_344.jpg,wajahraja
/Users/Lenovo/Documents/Raja/dataset\wajahraja\Rajasabian_344.png,wajahraja
/Users/Lenovo/Documents/Raja/dataset\wajahraja\Rajasabian_345.jpg,wajahraja
/Users/Lenovo/Documents/Raja/dataset\wajahraja\Rajasabian_345.png,wajahraja
/Users/Lenovo/Documents/Raja/dataset\wajahraja\Rajasabian_346.jpg,wajahraja
/Users/Lenovo/Documents/Raja/dataset\wajahraja\Rajasabian_346.png,wajahraja
/Users/Lenovo/Documents/Raja/dataset\wajahraja\Rajasabian_347.jpg,wajahraja
/Users/Lenovo/Documents/Raja/dataset\wajahraja\Rajasabian_347.png,wajahraja
/Users/Lenovo/Documents/Raja/dataset\wajahraja\Rajasabian_348.jpg,wajahraja
/Users/Lenovo/Documents/Raja/dataset\wajahraja\Rajasabian_348.png,wajahraja
/Users/Lenovo/Documents/Raja/dataset\wajahraja\Rajasabian_349.jpg,wajahraja
/Users/Lenovo/Documents/Raja/dataset\wajahraja\Rajasabian_349.png,wajahraja
/Users/Lenovo/Documents/Raja/dataset\wajahraja\Rajasabian_35.jpg,wajahraja
/Users/Lenovo/Documents/Raja/dataset\wajahraja\Rajasabian_35.png,wajahraja
/Users/Lenovo/Documents/Raja/dataset\wajahraja\Rajasabian_350.jpg,wajahraja
/Users/Lenovo/Documents/Raja/dataset\wajahraja\Rajasabian_350.png,wajahraja
/Users/Lenovo/Documents/Raja/dataset\wajahraja\Rajasabian_351.jpg,wajahraja
/Users/Lenovo/Documents/Raja/dataset\wajahraja\Rajasabian_351.png,wajahraja
/Users/Lenovo/Documents/Raja/dataset\wajahraja\Rajasabian_352.jpg,wajahraja
/Users/Lenovo/Documents/Raja/dataset\wajahraja\Rajasabian_352.png,wajahraja
/Users/Lenovo/Documents/Raja/dataset\wajahraja\Rajasabian_353.jpg,wajahraja
/Users/Lenovo/Documents/Raja/dataset\wajahraja\Rajasabian_353.png,wajahraja
/Users/Lenovo/Documents/Raja/dataset\wajahraja\Rajasabian_354.jpg,wajahraja
/Users/Lenovo/Documents/Raja/dataset\wajahraja\Rajasabian_354.png,wajahraja
/Users/Lenovo/Documents/Raja/dataset\wajahraja\Rajasabian_355.jpg,wajahraja
/Users/Lenovo/Documents/Raja/dataset\wajahraja\Rajasabian_355.png,wajahraja
/Users/Lenovo/Documents/Raja/dataset\wajahraja\Rajasabian_356.jpg,wajahraja
/Users/Lenovo/Documents/Raja/dataset\wajahraja\Rajasabian_356.png,wajahraja
/Users/Lenovo/Documents/Raja/dataset\wajahraja\Rajasabian_357.jpg,wajahraja
/Users/Lenovo/Documents/Raja/dataset\wajahraja\Rajasabian_357.png,wajahraja
/Users/Lenovo/Documents/Raja/dataset\wajahraja\Rajasabian_358.jpg,wajahraja
/Users/Lenovo/Documents/Raja/dataset\wajahraja\Rajasabian_358.png,wajahraja
/Users/Lenovo/Documents/Raja/dataset\wajahraja\Rajasabian_359.jpg,wajahraja
/Users/Lenovo/Documents/Raja/dataset\wajahraja\Rajasabian_359.png,wajahraja
/Users/Lenovo/Documents/Raja/dataset\wajahraja\Rajasabian_36.jpg,wajahraja
/Users/Lenovo/Documents/Raja/dataset\wajahraja\Rajasabian_36.png,wajahraja
/Users/Lenovo/Documents/Raja/dataset\wajahraja\Rajasabian_360.jpg,wajahraja
/Users/Lenovo/Documents/Raja/dataset\wajahraja\Rajasabian_360.png,wajahraja
/Users/Lenovo/Documents/Raja/dataset\wajahraja\Rajasabian_361.jpg,wajahraja
/Users/Lenovo/Documents/Raja/dataset\wajahraja\Rajasabian_361.png,wajahraja
/Users/Lenovo/Documents/Raja/dataset\wajahraja\Rajasabian_362.jpg,wajahraja
/Users/Lenovo/Documents/Raja/dataset\wajahraja\Rajasabian_362.png,wajahraja
/Users/Lenovo/Documents/Raja/dataset\wajahraja\Rajasabian_363.jpg,wajahraja
/Users/Lenovo/Documents/Raja/dataset\wajahraja\Rajasabian_363.png,wajahraja
/Users/Lenovo/Documents/Raja/dataset\wajahraja\Rajasabian_364.jpg,wajahraja
/Users/Lenovo/Documents/Raja/dataset\wajahraja\Rajasabian_364.png,wajahraja
/Users/Lenovo/Documents/Raja/dataset\wajahraja\Rajasabian_365.jpg,wajahraja
/Users/Lenovo/Documents/Raja/dataset\wajahraja\Rajasabian_365.png,wajahraja
/Users/Lenovo/Documents/Raja/dataset\wajahraja\Rajasabian_366.jpg,wajahraja
/Users/Lenovo/Documents/Raja/dataset\wajahraja\Rajasabian_366.png,wajahraja
/Users/Lenovo/Documents/Raja/dataset\wajahraja\Rajasabian_367.jpg,wajahraja
/Users/Lenovo/Documents/Raja/dataset\wajahraja\Rajasabian_367.png,wajahraja
/Users/Lenovo/Documents/Raja/dataset\wajahraja\Rajasabian_368.jpg,wajahraja
/Users/Lenovo/Documents/Raja/dataset\wajahraja\Rajasabian_368.png,wajahraja
/Users/Lenovo/Documents/Raja/dataset\wajahraja\Rajasabian_369.jpg,wajahraja
/Users/Lenovo/Documents/Raja/dataset\wajahraja\Rajasabian_369.png,wajahraja
/Users/Lenovo/Documents/Raja/dataset\wajahraja\Rajasabian_37.jpg,wajahraja
/Users/Lenovo/Documents/Raja/dataset\wajahraja\Rajasabian_37.png,wajahraja
/Users/Lenovo/Documents/Raja/dataset\wajahraja\Rajasabian_370.jpg,wajahraja
/Users/Lenovo/Documents/Raja/dataset\wajahraja\Rajasabian_370.png,wajahraja
/Users/Lenovo/Documents/Raja/dataset\wajahraja\Rajasabian_371.jpg,wajahraja
/Users/Lenovo/Documents/Raja/dataset\wajahraja\Rajasabian_371.png,wajahraja
/Users/Lenovo/Documents/Raja/dataset\wajahraja\Rajasabian_372.jpg,wajahraja
/Users/Lenovo/Documents/Raja/dataset\wajahraja\Rajasabian_372.png,wajahraja
/Users/Lenovo/Documents/Raja/dataset\wajahraja\Rajasabian_373.jpg,wajahraja
/Users/Lenovo/Documents/Raja/dataset\wajahraja\Rajasabian_373.png,wajahraja
/Users/Lenovo/Documents/Raja/dataset\wajahraja\Rajasabian_374.jpg,wajahraja
/Users/Lenovo/Documents/Raja/dataset\wajahraja\Rajasabian_374.png,wajahraja
/Users/Lenovo/Documents/Raja/dataset\wajahraja\Rajasabian_375.jpg,wajahraja
/Users/Lenovo/Documents/Raja/dataset\wajahraja\Rajasabian_375.png,wajahraja
/Users/Lenovo/Documents/Raja/dataset\wajahraja\Rajasabian_376.jpg,wajahraja
/Users/Lenovo/Documents/Raja/dataset\wajahraja\Rajasabian_376.png,wajahraja
/Users/Lenovo/Documents/Raja/dataset\wajahraja\Rajasabian_377.jpg,wajahraja
/Users/Lenovo/Documents/Raja/dataset\wajahraja\Rajasabian_377.png,wajahraja
/Users/Lenovo/Documents/Raja/dataset\wajahraja\Rajasabian_378.jpg,wajahraja
/Users/Lenovo/Documents/Raja/dataset\wajahraja\Rajasabian_378.png,wajahraja
/Users/Lenovo/Documents/Raja/dataset\wajahraja\Rajasabian_379.jpg,wajahraja
/Users/Lenovo/Documents/Raja/dataset\wajahraja\Rajasabian_379.png,wajahraja
/Users/Lenovo/Documents/Raja/dataset\wajahraja\Rajasabian_38.jpg,wajahraja
/Users/Lenovo/Documents/Raja/dataset\wajahraja\Rajasabian_38.png,wajahraja
/Users/Lenovo/Documents/Raja/dataset\wajahraja\Rajasabian_380.jpg,wajahraja
/Users/Lenovo/Documents/Raja/dataset\wajahraja\Rajasabian_380.png,wajahraja
/Users/Lenovo/Documents/Raja/dataset\wajahraja\Rajasabian_381.jpg,wajahraja
/Users/Lenovo/Documents/Raja/dataset\wajahraja\Rajasabian_381.png,wajahraja
/Users/Lenovo/Documents/Raja/dataset\wajahraja\Rajasabian_382.jpg,wajahraja
/Users/Lenovo/Documents/Raja/dataset\wajahraja\Rajasabian_382.png,wajahraja
/Users/Lenovo/Documents/Raja/dataset\wajahraja\Rajasabian_383.jpg,wajahraja
/Users/Lenovo/Documents/Raja/dataset\wajahraja\Rajasabian_383.png,wajahraja
/Users/Lenovo/Documents/Raja/dataset\wajahraja\Rajasabian_384.jpg,wajahraja
/Users/Lenovo/Documents/Raja/dataset\wajahraja\Rajasabian_384.png,wajahraja
/Users/Lenovo/Documents/Raja/dataset\wajahraja\Rajasabian_385.jpg,wajahraja
/Users/Lenovo/Documents/Raja/dataset\wajahraja\Rajasabian_385.png,wajahraja
/Users/Lenovo/Documents/Raja/dataset\wajahraja\Rajasabian_386.jpg,wajahraja
/Users/Lenovo/Documents/Raja/dataset\wajahraja\Rajasabian_386.png,wajahraja
/Users/Lenovo/Documents/Raja/dataset\wajahraja\Rajasabian_387.jpg,wajahraja
/Users/Lenovo/Documents/Raja/dataset\wajahraja\Rajasabian_387.png,wajahraja
/Users/Lenovo/Documents/Raja/dataset\wajahraja\Rajasabian_388.jpg,wajahraja
/Users/Lenovo/Documents/Raja/dataset\wajahraja\Rajasabian_388.png,wajahraja
/Users/Lenovo/Documents/Raja/dataset\wajahraja\Rajasabian_389.jpg,wajahraja
/Users/Lenovo/Documents/Raja/dataset\wajahraja\Rajasabian_389.png,wajahraja
/Users/Lenovo/Documents/Raja/dataset\wajahraja\Rajasabian_39.jpg,wajahraja
/Users/Lenovo/Documents/Raja/dataset\wajahraja\Rajasabian_39.png,wajahraja
/Users/Lenovo/Documents/Raja/dataset\wajahraja\Rajasabian_390.jpg,wajahraja
/Users/Lenovo/Documents/Raja/dataset\wajahraja\Rajasabian_390.png,wajahraja
/Users/Lenovo/Documents/Raja/dataset\wajahraja\Rajasabian_391.jpg,wajahraja
/Users/Lenovo/Documents/Raja/dataset\wajahraja\Rajasabian_391.png,wajahraja
/Users/Lenovo/Documents/Raja/dataset\wajahraja\Rajasabian_392.jpg,wajahraja
/Users/Lenovo/Documents/Raja/dataset\wajahraja\Rajasabian_392.png,wajahraja
/Users/Lenovo/Documents/Raja/dataset\wajahraja\Rajasabian_393.jpg,wajahraja
/Users/Lenovo/Documents/Raja/dataset\wajahraja\Rajasabian_393.png,wajahraja
/Users/Lenovo/Documents/Raja/dataset\wajahraja\Rajasabian_394.jpg,wajahraja
/Users/Lenovo/Documents/Raja/dataset\wajahraja\Rajasabian_394.png,wajahraja
/Users/Lenovo/Documents/Raja/dataset\wajahraja\Rajasabian_395.jpg,wajahraja
/Users/Lenovo/Documents/Raja/dataset\wajahraja\Rajasabian_395.png,wajahraja
/Users/Lenovo/Documents/Raja/dataset\wajahraja\Rajasabian_396.jpg,wajahraja
/Users/Lenovo/Documents/Raja/dataset\wajahraja\Rajasabian_396.png,wajahraja
/Users/Lenovo/Documents/Raja/dataset\wajahraja\Rajasabian_397.jpg,wajahraja
/Users/Lenovo/Documents/Raja/dataset\wajahraja\Rajasabian_397.png,wajahraja
/Users/Lenovo/Documents/Raja/dataset\wajahraja\Rajasabian_398.jpg,wajahraja
/Users/Lenovo/Documents/Raja/dataset\wajahraja\Rajasabian_398.png,wajahraja
/Users/Lenovo/Documents/Raja/dataset\wajahraja\Rajasabian_399.jpg,wajahraja
/Users/Lenovo/Documents/Raja/dataset\wajahraja\Rajasabian_399.png,wajahraja
/Users/Lenovo/Documents/Raja/dataset\wajahraja\Rajasabian_4.jpg,wajahraja
/Users/Lenovo/Documents/Raja/dataset\wajahraja\Rajasabian_4.png,wajahraja
/Users/Lenovo/Documents/Raja/dataset\wajahraja\Rajasabian_40.jpg,wajahraja
/Users/Lenovo/Documents/Raja/dataset\wajahraja\Rajasabian_40.png,wajahraja
/Users/Lenovo/Documents/Raja/dataset\wajahraja\Rajasabian_400.jpg,wajahraja
/Users/Lenovo/Documents/Raja/dataset\wajahraja\Rajasabian_400.png,wajahraja
/Users/Lenovo/Documents/Raja/dataset\wajahraja\Rajasabian_401.jpg,wajahraja
/Users/Lenovo/Documents/Raja/dataset\wajahraja\Rajasabian_401.png,wajahraja
/Users/Lenovo/Documents/Raja/dataset\wajahraja\Rajasabian_402.jpg,wajahraja
/Users/Lenovo/Documents/Raja/dataset\wajahraja\Rajasabian_402.png,wajahraja
/Users/Lenovo/Documents/Raja/dataset\wajahraja\Rajasabian_403.jpg,wajahraja
/Users/Lenovo/Documents/Raja/dataset\wajahraja\Rajasabian_403.png,wajahraja
/Users/Lenovo/Documents/Raja/dataset\wajahraja\Rajasabian_404.jpg,wajahraja
/Users/Lenovo/Documents/Raja/dataset\wajahraja\Rajasabian_404.png,wajahraja
/Users/Lenovo/Documents/Raja/dataset\wajahraja\Rajasabian_405.jpg,wajahraja
/Users/Lenovo/Documents/Raja/dataset\wajahraja\Rajasabian_405.png,wajahraja
/Users/Lenovo/Documents/Raja/dataset\wajahraja\Rajasabian_406.jpg,wajahraja
/Users/Lenovo/Documents/Raja/dataset\wajahraja\Rajasabian_406.png,wajahraja
/Users/Lenovo/Documents/Raja/dataset\wajahraja\Rajasabian_407.jpg,wajahraja
/Users/Lenovo/Documents/Raja/dataset\wajahraja\Rajasabian_407.png,wajahraja
/Users/Lenovo/Documents/Raja/dataset\wajahraja\Rajasabian_408.jpg,wajahraja
/Users/Lenovo/Documents/Raja/dataset\wajahraja\Rajasabian_408.png,wajahraja
/Users/Lenovo/Documents/Raja/dataset\wajahraja\Rajasabian_409.jpg,wajahraja
/Users/Lenovo/Documents/Raja/dataset\wajahraja\Rajasabian_409.png,wajahraja
/Users/Lenovo/Documents/Raja/dataset\wajahraja\Rajasabian_41.jpg,wajahraja
/Users/Lenovo/Documents/Raja/dataset\wajahraja\Rajasabian_41.png,wajahraja
/Users/Lenovo/Documents/Raja/dataset\wajahraja\Rajasabian_410.jpg,wajahraja
/Users/Lenovo/Documents/Raja/dataset\wajahraja\Rajasabian_410.png,wajahraja
/Users/Lenovo/Documents/Raja/dataset\wajahraja\Rajasabian_411.jpg,wajahraja
/Users/Lenovo/Documents/Raja/dataset\wajahraja\Rajasabian_411.png,wajahraja
/Users/Lenovo/Documents/Raja/dataset\wajahraja\Rajasabian_412.jpg,wajahraja
/Users/Lenovo/Documents/Raja/dataset\wajahraja\Rajasabian_412.png,wajahraja
/Users/Lenovo/Documents/Raja/dataset\wajahraja\Rajasabian_413.jpg,wajahraja
/Users/Lenovo/Documents/Raja/dataset\wajahraja\Rajasabian_413.png,wajahraja
/Users/Lenovo/Documents/Raja/dataset\wajahraja\Rajasabian_414.jpg,wajahraja
/Users/Lenovo/Documents/Raja/dataset\wajahraja\Rajasabian_414.png,wajahraja
/Users/Lenovo/Documents/Raja/dataset\wajahraja\Rajasabian_415.jpg,wajahraja
/Users/Lenovo/Documents/Raja/dataset\wajahraja\Rajasabian_415.png,wajahraja
/Users/Lenovo/Documents/Raja/dataset\wajahraja\Rajasabian_416.jpg,wajahraja
/Users/Lenovo/Documents/Raja/dataset\wajahraja\Rajasabian_416.png,wajahraja
/Users/Lenovo/Documents/Raja/dataset\wajahraja\Rajasabian_417.jpg,wajahraja
/Users/Lenovo/Documents/Raja/dataset\wajahraja\Rajasabian_417.png,wajahraja
/Users/Lenovo/Documents/Raja/dataset\wajahraja\Rajasabian_418.jpg,wajahraja
/Users/Lenovo/Documents/Raja/dataset\wajahraja\Rajasabian_418.png,wajahraja
/Users/Lenovo/Documents/Raja/dataset\wajahraja\Rajasabian_419.jpg,wajahraja
/Users/Lenovo/Documents/Raja/dataset\wajahraja\Rajasabian_419.png,wajahraja
/Users/Lenovo/Documents/Raja/dataset\wajahraja\Rajasabian_42.jpg,wajahraja
/Users/Lenovo/Documents/Raja/dataset\wajahraja\Rajasabian_42.png,wajahraja
/Users/Lenovo/Documents/Raja/dataset\wajahraja\Rajasabian_420.jpg,wajahraja
/Users/Lenovo/Documents/Raja/dataset\wajahraja\Rajasabian_420.png,wajahraja
/Users/Lenovo/Documents/Raja/dataset\wajahraja\Rajasabian_421.jpg,wajahraja
/Users/Lenovo/Documents/Raja/dataset\wajahraja\Rajasabian_421.png,wajahraja
/Users/Lenovo/Documents/Raja/dataset\wajahraja\Rajasabian_422.jpg,wajahraja
/Users/Lenovo/Documents/Raja/dataset\wajahraja\Rajasabian_422.png,wajahraja
/Users/Lenovo/Documents/Raja/dataset\wajahraja\Rajasabian_423.jpg,wajahraja
/Users/Lenovo/Documents/Raja/dataset\wajahraja\Rajasabian_423.png,wajahraja
/Users/Lenovo/Documents/Raja/dataset\wajahraja\Rajasabian_424.jpg,wajahraja
/Users/Lenovo/Documents/Raja/dataset\wajahraja\Rajasabian_424.png,wajahraja
/Users/Lenovo/Documents/Raja/dataset\wajahraja\Rajasabian_425.jpg,wajahraja
/Users/Lenovo/Documents/Raja/dataset\wajahraja\Rajasabian_425.png,wajahraja
/Users/Lenovo/Documents/Raja/dataset\wajahraja\Rajasabian_426.jpg,wajahraja
/Users/Lenovo/Documents/Raja/dataset\wajahraja\Rajasabian_426.png,wajahraja
/Users/Lenovo/Documents/Raja/dataset\wajahraja\Rajasabian_427.jpg,wajahraja
/Users/Lenovo/Documents/Raja/dataset\wajahraja\Rajasabian_427.png,wajahraja
/Users/Lenovo/Documents/Raja/dataset\wajahraja\Rajasabian_428.jpg,wajahraja
/Users/Lenovo/Documents/Raja/dataset\wajahraja\Rajasabian_428.png,wajahraja
/Users/Lenovo/Documents/Raja/dataset\wajahraja\Rajasabian_429.jpg,wajahraja
/Users/Lenovo/Documents/Raja/dataset\wajahraja\Rajasabian_429.png,wajahraja
/Users/Lenovo/Documents/Raja/dataset\wajahraja\Rajasabian_43.jpg,wajahraja
/Users/Lenovo/Documents/Raja/dataset\wajahraja\Rajasabian_43.png,wajahraja
/Users/Lenovo/Documents/Raja/dataset\wajahraja\Rajasabian_430.jpg,wajahraja
/Users/Lenovo/Documents/Raja/dataset\wajahraja\Rajasabian_430.png,wajahraja
/Users/Lenovo/Documents/Raja/dataset\wajahraja\Rajasabian_431.jpg,wajahraja
/Users/Lenovo/Documents/Raja/dataset\wajahraja\Rajasabian_431.png,wajahraja
/Users/Lenovo/Documents/Raja/dataset\wajahraja\Rajasabian_432.jpg,wajahraja
/Users/Lenovo/Documents/Raja/dataset\wajahraja\Rajasabian_432.png,wajahraja
/Users/Lenovo/Documents/Raja/dataset\wajahraja\Rajasabian_433.jpg,wajahraja
/Users/Lenovo/Documents/Raja/dataset\wajahraja\Rajasabian_433.png,wajahraja
/Users/Lenovo/Documents/Raja/dataset\wajahraja\Rajasabian_434.jpg,wajahraja
/Users/Lenovo/Documents/Raja/dataset\wajahraja\Rajasabian_434.png,wajahraja
/Users/Lenovo/Documents/Raja/dataset\wajahraja\Rajasabian_435.jpg,wajahraja
/Users/Lenovo/Documents/Raja/dataset\wajahraja\Rajasabian_435.png,wajahraja
/Users/Lenovo/Documents/Raja/dataset\wajahraja\Rajasabian_436.jpg,wajahraja
/Users/Lenovo/Documents/Raja/dataset\wajahraja\Rajasabian_436.png,wajahraja
/Users/Lenovo/Documents/Raja/dataset\wajahraja\Rajasabian_437.jpg,wajahraja
/Users/Lenovo/Documents/Raja/dataset\wajahraja\Rajasabian_437.png,wajahraja
/Users/Lenovo/Documents/Raja/dataset\wajahraja\Rajasabian_438.jpg,wajahraja
/Users/Lenovo/Documents/Raja/dataset\wajahraja\Rajasabian_438.png,wajahraja
/Users/Lenovo/Documents/Raja/dataset\wajahraja\Rajasabian_439.jpg,wajahraja
/Users/Lenovo/Documents/Raja/dataset\wajahraja\Rajasabian_439.png,wajahraja
/Users/Lenovo/Documents/Raja/dataset\wajahraja\Rajasabian_44.jpg,wajahraja
/Users/Lenovo/Documents/Raja/dataset\wajahraja\Rajasabian_44.png,wajahraja
/Users/Lenovo/Documents/Raja/dataset\wajahraja\Rajasabian_440.jpg,wajahraja
/Users/Lenovo/Documents/Raja/dataset\wajahraja\Rajasabian_440.png,wajahraja
/Users/Lenovo/Documents/Raja/dataset\wajahraja\Rajasabian_441.jpg,wajahraja
/Users/Lenovo/Documents/Raja/dataset\wajahraja\Rajasabian_441.png,wajahraja
/Users/Lenovo/Documents/Raja/dataset\wajahraja\Rajasabian_442.jpg,wajahraja
/Users/Lenovo/Documents/Raja/dataset\wajahraja\Rajasabian_442.png,wajahraja
/Users/Lenovo/Documents/Raja/dataset\wajahraja\Rajasabian_443.jpg,wajahraja
/Users/Lenovo/Documents/Raja/dataset\wajahraja\Rajasabian_443.png,wajahraja
/Users/Lenovo/Documents/Raja/dataset\wajahraja\Rajasabian_444.jpg,wajahraja
/Users/Lenovo/Documents/Raja/dataset\wajahraja\Rajasabian_444.png,wajahraja
/Users/Lenovo/Documents/Raja/dataset\wajahraja\Rajasabian_445.jpg,wajahraja
/Users/Lenovo/Documents/Raja/dataset\wajahraja\Rajasabian_445.png,wajahraja
/Users/Lenovo/Documents/Raja/dataset\wajahraja\Rajasabian_446.jpg,wajahraja
/Users/Lenovo/Documents/Raja/dataset\wajahraja\Rajasabian_446.png,wajahraja
/Users/Lenovo/Documents/Raja/dataset\wajahraja\Rajasabian_447.jpg,wajahraja
/Users/Lenovo/Documents/Raja/dataset\wajahraja\Rajasabian_447.png,wajahraja
/Users/Lenovo/Documents/Raja/dataset\wajahraja\Rajasabian_448.jpg,wajahraja
/Users/Lenovo/Documents/Raja/dataset\wajahraja\Rajasabian_448.png,wajahraja
/Users/Lenovo/Documents/Raja/dataset\wajahraja\Rajasabian_449.jpg,wajahraja
/Users/Lenovo/Documents/Raja/dataset\wajahraja\Rajasabian_449.png,wajahraja
/Users/Lenovo/Documents/Raja/dataset\wajahraja\Rajasabian_45.jpg,wajahraja
/Users/Lenovo/Documents/Raja/dataset\wajahraja\Rajasabian_45.png,wajahraja
/Users/Lenovo/Documents/Raja/dataset\wajahraja\Rajasabian_450.jpg,wajahraja
/Users/Lenovo/Documents/Raja/dataset\wajahraja\Rajasabian_450.png,wajahraja
/Users/Lenovo/Documents/Raja/dataset\wajahraja\Rajasabian_451.jpg,wajahraja
/Users/Lenovo/Documents/Raja/dataset\wajahraja\Rajasabian_451.png,wajahraja
/Users/Lenovo/Documents/Raja/dataset\wajahraja\Rajasabian_452.jpg,wajahraja
/Users/Lenovo/Documents/Raja/dataset\wajahraja\Rajasabian_452.png,wajahraja
/Users/Lenovo/Documents/Raja/dataset\wajahraja\Rajasabian_453.jpg,wajahraja
/Users/Lenovo/Documents/Raja/dataset\wajahraja\Rajasabian_453.png,wajahraja
/Users/Lenovo/Documents/Raja/dataset\wajahraja\Rajasabian_454.jpg,wajahraja
/Users/Lenovo/Documents/Raja/dataset\wajahraja\Rajasabian_454.png,wajahraja
/Users/Lenovo/Documents/Raja/dataset\wajahraja\Rajasabian_455.jpg,wajahraja
/Users/Lenovo/Documents/Raja/dataset\wajahraja\Rajasabian_455.png,wajahraja
/Users/Lenovo/Documents/Raja/dataset\wajahraja\Rajasabian_456.jpg,wajahraja
/Users/Lenovo/Documents/Raja/dataset\wajahraja\Rajasabian_456.png,wajahraja
/Users/Lenovo/Documents/Raja/dataset\wajahraja\Rajasabian_457.jpg,wajahraja
/Users/Lenovo/Documents/Raja/dataset\wajahraja\Rajasabian_457.png,wajahraja
/Users/Lenovo/Documents/Raja/dataset\wajahraja\Rajasabian_458.jpg,wajahraja
/Users/Lenovo/Documents/Raja/dataset\wajahraja\Rajasabian_458.png,wajahraja
/Users/Lenovo/Documents/Raja/dataset\wajahraja\Rajasabian_459.jpg,wajahraja
/Users/Lenovo/Documents/Raja/dataset\wajahraja\Rajasabian_459.png,wajahraja
/Users/Lenovo/Documents/Raja/dataset\wajahraja\Rajasabian_46.jpg,wajahraja
/Users/Lenovo/Documents/Raja/dataset\wajahraja\Rajasabian_46.png,wajahraja
/Users/Lenovo/Documents/Raja/dataset\wajahraja\Rajasabian_460.jpg,wajahraja
/Users/Lenovo/Documents/Raja/dataset\wajahraja\Rajasabian_460.png,wajahraja
/Users/Lenovo/Documents/Raja/dataset\wajahraja\Rajasabian_461.jpg,wajahraja
/Users/Lenovo/Documents/Raja/dataset\wajahraja\Rajasabian_461.png,wajahraja
/Users/Lenovo/Documents/Raja/dataset\wajahraja\Rajasabian_462.jpg,wajahraja
/Users/Lenovo/Documents/Raja/dataset\wajahraja\Rajasabian_462.png,wajahraja
/Users/Lenovo/Documents/Raja/dataset\wajahraja\Rajasabian_463.jpg,wajahraja
/Users/Lenovo/Documents/Raja/dataset\wajahraja\Rajasabian_463.png,wajahraja
/Users/Lenovo/Documents/Raja/dataset\wajahraja\Rajasabian_464.jpg,wajahraja
/Users/Lenovo/Documents/Raja/dataset\wajahraja\Rajasabian_464.png,wajahraja
/Users/Lenovo/Documents/Raja/dataset\wajahraja\Rajasabian_465.jpg,wajahraja
/Users/Lenovo/Documents/Raja/dataset\wajahraja\Rajasabian_465.png,wajahraja
/Users/Lenovo/Documents/Raja/dataset\wajahraja\Rajasabian_466.jpg,wajahraja
/Users/Lenovo/Documents/Raja/dataset\wajahraja\Rajasabian_466.png,wajahraja
/Users/Lenovo/Documents/Raja/dataset\wajahraja\Rajasabian_467.jpg,wajahraja
/Users/Lenovo/Documents/Raja/dataset\wajahraja\Rajasabian_467.png,wajahraja
/Users/Lenovo/Documents/Raja/dataset\wajahraja\Rajasabian_468.jpg,wajahraja
/Users/Lenovo/Documents/Raja/dataset\wajahraja\Rajasabian_468.png,wajahraja
/Users/Lenovo/Documents/Raja/dataset\wajahraja\Rajasabian_469.jpg,wajahraja
/Users/Lenovo/Documents/Raja/dataset\wajahraja\Rajasabian_469.png,wajahraja
/Users/Lenovo/Documents/Raja/dataset\wajahraja\Rajasabian_47.jpg,wajahraja
/Users/Lenovo/Documents/Raja/dataset\wajahraja\Rajasabian_47.png,wajahraja
/Users/Lenovo/Documents/Raja/dataset\wajahraja\Rajasabian_470.jpg,wajahraja
/Users/Lenovo/Documents/Raja/dataset\wajahraja\Rajasabian_470.png,wajahraja
/Users/Lenovo/Documents/Raja/dataset\wajahraja\Rajasabian_471.jpg,wajahraja
/Users/Lenovo/Documents/Raja/dataset\wajahraja\Rajasabian_471.png,wajahraja
/Users/Lenovo/Documents/Raja/dataset\wajahraja\Rajasabian_472.jpg,wajahraja
/Users/Lenovo/Documents/Raja/dataset\wajahraja\Rajasabian_472.png,wajahraja
/Users/Lenovo/Documents/Raja/dataset\wajahraja\Rajasabian_473.jpg,wajahraja
/Users/Lenovo/Documents/Raja/dataset\wajahraja\Rajasabian_473.png,wajahraja
/Users/Lenovo/Documents/Raja/dataset\wajahraja\Rajasabian_474.jpg,wajahraja
/Users/Lenovo/Documents/Raja/dataset\wajahraja\Rajasabian_474.png,wajahraja
/Users/Lenovo/Documents/Raja/dataset\wajahraja\Rajasabian_475.jpg,wajahraja
/Users/Lenovo/Documents/Raja/dataset\wajahraja\Rajasabian_475.png,wajahraja
/Users/Lenovo/Documents/Raja/dataset\wajahraja\Rajasabian_476.jpg,wajahraja
/Users/Lenovo/Documents/Raja/dataset\wajahraja\Rajasabian_476.png,wajahraja
/Users/Lenovo/Documents/Raja/dataset\wajahraja\Rajasabian_477.jpg,wajahraja
/Users/Lenovo/Documents/Raja/dataset\wajahraja\Rajasabian_477.png,wajahraja
/Users/Lenovo/Documents/Raja/dataset\wajahraja\Rajasabian_478.jpg,wajahraja
/Users/Lenovo/Documents/Raja/dataset\wajahraja\Rajasabian_478.png,wajahraja
/Users/Lenovo/Documents/Raja/dataset\wajahraja\Rajasabian_479.jpg,wajahraja
/Users/Lenovo/Documents/Raja/dataset\wajahraja\Rajasabian_479.png,wajahraja
/Users/Lenovo/Documents/Raja/dataset\wajahraja\Rajasabian_48.jpg,wajahraja
/Users/Lenovo/Documents/Raja/dataset\wajahraja\Rajasabian_48.png,wajahraja
/Users/Lenovo/Documents/Raja/dataset\wajahraja\Rajasabian_480.jpg,wajahraja
/Users/Lenovo/Documents/Raja/dataset\wajahraja\Rajasabian_480.png,wajahraja
/Users/Lenovo/Documents/Raja/dataset\wajahraja\Rajasabian_481.jpg,wajahraja
/Users/Lenovo/Documents/Raja/dataset\wajahraja\Rajasabian_481.png,wajahraja
/Users/Lenovo/Documents/Raja/dataset\wajahraja\Rajasabian_482.jpg,wajahraja
/Users/Lenovo/Documents/Raja/dataset\wajahraja\Rajasabian_482.png,wajahraja
/Users/Lenovo/Documents/Raja/dataset\wajahraja\Rajasabian_483.jpg,wajahraja
/Users/Lenovo/Documents/Raja/dataset\wajahraja\Rajasabian_483.png,wajahraja
/Users/Lenovo/Documents/Raja/dataset\wajahraja\Rajasabian_484.jpg,wajahraja
/Users/Lenovo/Documents/Raja/dataset\wajahraja\Rajasabian_484.png,wajahraja
/Users/Lenovo/Documents/Raja/dataset\wajahraja\Rajasabian_485.jpg,wajahraja
/Users/Lenovo/Documents/Raja/dataset\wajahraja\Rajasabian_485.png,wajahraja
/Users/Lenovo/Documents/Raja/dataset\wajahraja\Rajasabian_486.jpg,wajahraja
/Users/Lenovo/Documents/Raja/dataset\wajahraja\Rajasabian_486.png,wajahraja
/Users/Lenovo/Documents/Raja/dataset\wajahraja\Rajasabian_487.jpg,wajahraja
/Users/Lenovo/Documents/Raja/dataset\wajahraja\Rajasabian_487.png,wajahraja
/Users/Lenovo/Documents/Raja/dataset\wajahraja\Rajasabian_488.jpg,wajahraja
/Users/Lenovo/Documents/Raja/dataset\wajahraja\Rajasabian_488.png,wajahraja
/Users/Lenovo/Documents/Raja/dataset\wajahraja\Rajasabian_489.jpg,wajahraja
/Users/Lenovo/Documents/Raja/dataset\wajahraja\Rajasabian_489.png,wajahraja
/Users/Lenovo/Documents/Raja/dataset\wajahraja\Rajasabian_49.jpg,wajahraja
/Users/Lenovo/Documents/Raja/dataset\wajahraja\Rajasabian_49.png,wajahraja
/Users/Lenovo/Documents/Raja/dataset\wajahraja\Rajasabian_490.jpg,wajahraja
/Users/Lenovo/Documents/Raja/dataset\wajahraja\Rajasabian_490.png,wajahraja
/Users/Lenovo/Documents/Raja/dataset\wajahraja\Rajasabian_491.jpg,wajahraja
/Users/Lenovo/Documents/Raja/dataset\wajahraja\Rajasabian_491.png,wajahraja
/Users/Lenovo/Documents/Raja/dataset\wajahraja\Rajasabian_492.jpg,wajahraja
/Users/Lenovo/Documents/Raja/dataset\wajahraja\Rajasabian_492.png,wajahraja
/Users/Lenovo/Documents/Raja/dataset\wajahraja\Rajasabian_493.jpg,wajahraja
/Users/Lenovo/Documents/Raja/dataset\wajahraja\Rajasabian_493.png,wajahraja
/Users/Lenovo/Documents/Raja/dataset\wajahraja\Rajasabian_494.jpg,wajahraja
/Users/Lenovo/Documents/Raja/dataset\wajahraja\Rajasabian_494.png,wajahraja
/Users/Lenovo/Documents/Raja/dataset\wajahraja\Rajasabian_495.jpg,wajahraja
/Users/Lenovo/Documents/Raja/dataset\wajahraja\Rajasabian_495.png,wajahraja
/Users/Lenovo/Documents/Raja/dataset\wajahraja\Rajasabian_496.jpg,wajahraja
/Users/Lenovo/Documents/Raja/dataset\wajahraja\Rajasabian_496.png,wajahraja
/Users/Lenovo/Documents/Raja/dataset\wajahraja\Rajasabian_497.jpg,wajahraja
/Users/Lenovo/Documents/Raja/dataset\wajahraja\Rajasabian_497.png,wajahraja
/Users/Lenovo/Documents/Raja/dataset\wajahraja\Rajasabian_498.jpg,wajahraja
/Users/Lenovo/Documents/Raja/dataset\wajahraja\Rajasabian_498.png,wajahraja
/Users/Lenovo/Documents/Raja/dataset\wajahraja\Rajasabian_499.jpg,wajahraja
/Users/Lenovo/Documents/Raja/dataset\wajahraja\Rajasabian_499.png,wajahraja
/Users/Lenovo/Documents/Raja/dataset\wajahraja\Rajasabian_5.jpg,wajahraja
/Users/Lenovo/Documents/Raja/dataset\wajahraja\Rajasabian_5.png,wajahraja
/Users/Lenovo/Documents/Raja/dataset\wajahraja\Rajasabian_50.jpg,wajahraja
/Users/Lenovo/Documents/Raja/dataset\wajahraja\Rajasabian_50.png,wajahraja
/Users/Lenovo/Documents/Raja/dataset\wajahraja\Rajasabian_500.jpg,wajahraja
/Users/Lenovo/Documents/Raja/dataset\wajahraja\Rajasabian_500.png,wajahraja
/Users/Lenovo/Documents/Raja/dataset\wajahraja\Rajasabian_501.jpg,wajahraja
/Users/Lenovo/Documents/Raja/dataset\wajahraja\Rajasabian_501.png,wajahraja
/Users/Lenovo/Documents/Raja/dataset\wajahraja\Rajasabian_502.jpg,wajahraja
/Users/Lenovo/Documents/Raja/dataset\wajahraja\Rajasabian_502.png,wajahraja
/Users/Lenovo/Documents/Raja/dataset\wajahraja\Rajasabian_503.jpg,wajahraja
/Users/Lenovo/Documents/Raja/dataset\wajahraja\Rajasabian_503.png,wajahraja
/Users/Lenovo/Documents/Raja/dataset\wajahraja\Rajasabian_504.jpg,wajahraja
/Users/Lenovo/Documents/Raja/dataset\wajahraja\Rajasabian_504.png,wajahraja
/Users/Lenovo/Documents/Raja/dataset\wajahraja\Rajasabian_505.jpg,wajahraja
/Users/Lenovo/Documents/Raja/dataset\wajahraja\Rajasabian_505.png,wajahraja
/Users/Lenovo/Documents/Raja/dataset\wajahraja\Rajasabian_506.jpg,wajahraja
/Users/Lenovo/Documents/Raja/dataset\wajahraja\Rajasabian_506.png,wajahraja
/Users/Lenovo/Documents/Raja/dataset\wajahraja\Rajasabian_507.jpg,wajahraja
/Users/Lenovo/Documents/Raja/dataset\wajahraja\Rajasabian_507.png,wajahraja
/Users/Lenovo/Documents/Raja/dataset\wajahraja\Rajasabian_508.jpg,wajahraja
/Users/Lenovo/Documents/Raja/dataset\wajahraja\Rajasabian_508.png,wajahraja
/Users/Lenovo/Documents/Raja/dataset\wajahraja\Rajasabian_509.jpg,wajahraja
/Users/Lenovo/Documents/Raja/dataset\wajahraja\Rajasabian_509.png,wajahraja
/Users/Lenovo/Documents/Raja/dataset\wajahraja\Rajasabian_51.jpg,wajahraja
/Users/Lenovo/Documents/Raja/dataset\wajahraja\Rajasabian_51.png,wajahraja
/Users/Lenovo/Documents/Raja/dataset\wajahraja\Rajasabian_510.jpg,wajahraja
/Users/Lenovo/Documents/Raja/dataset\wajahraja\Rajasabian_510.png,wajahraja
/Users/Lenovo/Documents/Raja/dataset\wajahraja\Rajasabian_511.jpg,wajahraja
/Users/Lenovo/Documents/Raja/dataset\wajahraja\Rajasabian_511.png,wajahraja
/Users/Lenovo/Documents/Raja/dataset\wajahraja\Rajasabian_512.jpg,wajahraja
/Users/Lenovo/Documents/Raja/dataset\wajahraja\Rajasabian_512.png,wajahraja
/Users/Lenovo/Documents/Raja/dataset\wajahraja\Rajasabian_513.jpg,wajahraja
/Users/Lenovo/Documents/Raja/dataset\wajahraja\Rajasabian_513.png,wajahraja
/Users/Lenovo/Documents/Raja/dataset\wajahraja\Rajasabian_514.jpg,wajahraja
/Users/Lenovo/Documents/Raja/dataset\wajahraja\Rajasabian_514.png,wajahraja
/Users/Lenovo/Documents/Raja/dataset\wajahraja\Rajasabian_515.jpg,wajahraja
/Users/Lenovo/Documents/Raja/dataset\wajahraja\Rajasabian_515.png,wajahraja
/Users/Lenovo/Documents/Raja/dataset\wajahraja\Rajasabian_516.jpg,wajahraja
/Users/Lenovo/Documents/Raja/dataset\wajahraja\Rajasabian_516.png,wajahraja
/Users/Lenovo/Documents/Raja/dataset\wajahraja\Rajasabian_517.jpg,wajahraja
/Users/Lenovo/Documents/Raja/dataset\wajahraja\Rajasabian_517.png,wajahraja
/Users/Lenovo/Documents/Raja/dataset\wajahraja\Rajasabian_518.jpg,wajahraja
/Users/Lenovo/Documents/Raja/dataset\wajahraja\Rajasabian_518.png,wajahraja
/Users/Lenovo/Documents/Raja/dataset\wajahraja\Rajasabian_519.jpg,wajahraja
/Users/Lenovo/Documents/Raja/dataset\wajahraja\Rajasabian_519.png,wajahraja
/Users/Lenovo/Documents/Raja/dataset\wajahraja\Rajasabian_52.jpg,wajahraja
/Users/Lenovo/Documents/Raja/dataset\wajahraja\Rajasabian_52.png,wajahraja
/Users/Lenovo/Documents/Raja/dataset\wajahraja\Rajasabian_53.jpg,wajahraja
/Users/Lenovo/Documents/Raja/dataset\wajahraja\Rajasabian_53.png,wajahraja
/Users/Lenovo/Documents/Raja/dataset\wajahraja\Rajasabian_54.jpg,wajahraja
/Users/Lenovo/Documents/Raja/dataset\wajahraja\Rajasabian_54.png,wajahraja
/Users/Lenovo/Documents/Raja/dataset\wajahraja\Rajasabian_55.jpg,wajahraja
/Users/Lenovo/Documents/Raja/dataset\wajahraja\Rajasabian_55.png,wajahraja
/Users/Lenovo/Documents/Raja/dataset\wajahraja\Rajasabian_56.jpg,wajahraja
/Users/Lenovo/Documents/Raja/dataset\wajahraja\Rajasabian_56.png,wajahraja
/Users/Lenovo/Documents/Raja/dataset\wajahraja\Rajasabian_57.jpg,wajahraja
/Users/Lenovo/Documents/Raja/dataset\wajahraja\Rajasabian_57.png,wajahraja
/Users/Lenovo/Documents/Raja/dataset\wajahraja\Rajasabian_58.jpg,wajahraja
/Users/Lenovo/Documents/Raja/dataset\wajahraja\Rajasabian_58.png,wajahraja
/Users/Lenovo/Documents/Raja/dataset\wajahraja\Rajasabian_59.jpg,wajahraja
/Users/Lenovo/Documents/Raja/dataset\wajahraja\Rajasabian_59.png,wajahraja
/Users/Lenovo/Documents/Raja/dataset\wajahraja\Rajasabian_6.jpg,wajahraja
/Users/Lenovo/Documents/Raja/dataset\wajahraja\Rajasabian_6.png,wajahraja
/Users/Lenovo/Documents/Raja/dataset\wajahraja\Rajasabian_60.jpg,wajahraja
/Users/Lenovo/Documents/Raja/dataset\wajahraja\Rajasabian_60.png,wajahraja
/Users/Lenovo/Documents/Raja/dataset\wajahraja\Rajasabian_61.jpg,wajahraja
/Users/Lenovo/Documents/Raja/dataset\wajahraja\Rajasabian_61.png,wajahraja
/Users/Lenovo/Documents/Raja/dataset\wajahraja\Rajasabian_62.jpg,wajahraja
/Users/Lenovo/Documents/Raja/dataset\wajahraja\Rajasabian_62.png,wajahraja
/Users/Lenovo/Documents/Raja/dataset\wajahraja\Rajasabian_63.jpg,wajahraja
/Users/Lenovo/Documents/Raja/dataset\wajahraja\Rajasabian_63.png,wajahraja
/Users/Lenovo/Documents/Raja/dataset\wajahraja\Rajasabian_64.jpg,wajahraja
/Users/Lenovo/Documents/Raja/dataset\wajahraja\Rajasabian_64.png,wajahraja
/Users/Lenovo/Documents/Raja/dataset\wajahraja\Rajasabian_65.jpg,wajahraja
/Users/Lenovo/Documents/Raja/dataset\wajahraja\Rajasabian_65.png,wajahraja
/Users/Lenovo/Documents/Raja/dataset\wajahraja\Rajasabian_66.jpg,wajahraja
/Users/Lenovo/Documents/Raja/dataset\wajahraja\Rajasabian_66.png,wajahraja
/Users/Lenovo/Documents/Raja/dataset\wajahraja\Rajasabian_67.jpg,wajahraja
/Users/Lenovo/Documents/Raja/dataset\wajahraja\Rajasabian_67.png,wajahraja
/Users/Lenovo/Documents/Raja/dataset\wajahraja\Rajasabian_68.jpg,wajahraja
/Users/Lenovo/Documents/Raja/dataset\wajahraja\Rajasabian_68.png,wajahraja
/Users/Lenovo/Documents/Raja/dataset\wajahraja\Rajasabian_69.jpg,wajahraja
/Users/Lenovo/Documents/Raja/dataset\wajahraja\Rajasabian_69.png,wajahraja
/Users/Lenovo/Documents/Raja/dataset\wajahraja\Rajasabian_7.jpg,wajahraja
/Users/Lenovo/Documents/Raja/dataset\wajahraja\Rajasabian_7.png,wajahraja
/Users/Lenovo/Documents/Raja/dataset\wajahraja\Rajasabian_70.jpg,wajahraja
/Users/Lenovo/Documents/Raja/dataset\wajahraja\Rajasabian_70.png,wajahraja
/Users/Lenovo/Documents/Raja/dataset\wajahraja\Rajasabian_71.jpg,wajahraja
/Users/Lenovo/Documents/Raja/dataset\wajahraja\Rajasabian_71.png,wajahraja
/Users/Lenovo/Documents/Raja/dataset\wajahraja\Rajasabian_72.jpg,wajahraja
/Users/Lenovo/Documents/Raja/dataset\wajahraja\Rajasabian_72.png,wajahraja
/Users/Lenovo/Documents/Raja/dataset\wajahraja\Rajasabian_73.jpg,wajahraja
/Users/Lenovo/Documents/Raja/dataset\wajahraja\Rajasabian_73.png,wajahraja
/Users/Lenovo/Documents/Raja/dataset\wajahraja\Rajasabian_74.jpg,wajahraja
/Users/Lenovo/Documents/Raja/dataset\wajahraja\Rajasabian_74.png,wajahraja
/Users/Lenovo/Documents/Raja/dataset\wajahraja\Rajasabian_75.jpg,wajahraja
/Users/Lenovo/Documents/Raja/dataset\wajahraja\Rajasabian_75.png,wajahraja
/Users/Lenovo/Documents/Raja/dataset\wajahraja\Rajasabian_76.jpg,wajahraja
/Users/Lenovo/Documents/Raja/dataset\wajahraja\Rajasabian_77.jpg,wajahraja
/Users/Lenovo/Documents/Raja/dataset\wajahraja\Rajasabian_78.jpg,wajahraja
/Users/Lenovo/Documents/Raja/dataset\wajahraja\Rajasabian_79.jpg,wajahraja
/Users/Lenovo/Documents/Raja/dataset\wajahraja\Rajasabian_8.jpg,wajahraja
/Users/Lenovo/Documents/Raja/dataset\wajahraja\Rajasabian_80.jpg,wajahraja
/Users/Lenovo/Documents/Raja/dataset\wajahraja\Rajasabian_81.jpg,wajahraja
/Users/Lenovo/Documents/Raja/dataset\wajahraja\Rajasabian_82.jpg,wajahraja
/Users/Lenovo/Documents/Raja/dataset\wajahraja\Rajasabian_83.jpg,wajahraja
/Users/Lenovo/Documents/Raja/dataset\wajahraja\Rajasabian_84.jpg,wajahraja
/Users/Lenovo/Documents/Raja/dataset\wajahraja\Rajasabian_85.jpg,wajahraja
/Users/Lenovo/Documents/Raja/dataset\wajahraja\Rajasabian_86.jpg,wajahraja
/Users/Lenovo/Documents/Raja/dataset\wajahraja\Rajasabian_87.jpg,wajahraja
/Users/Lenovo/Documents/Raja/dataset\wajahraja\Rajasabian_88.jpg,wajahraja
/Users/Lenovo/Documents/Raja/dataset\wajahraja\Rajasabian_89.jpg,wajahraja
/Users/Lenovo/Documents/Raja/dataset\wajahraja\Rajasabian_9.jpg,wajahraja
/Users/Lenovo/Documents/Raja/dataset\wajahraja\Rajasabian_90.jpg,wajahraja
/Users/Lenovo/Documents/Raja/dataset\wajahraja\Rajasabian_91.jpg,wajahraja
/Users/Lenovo/Documents/Raja/dataset\wajahraja\Rajasabian_92.jpg,wajahraja
/Users/Lenovo/Documents/Raja/dataset\wajahraja\Rajasabian_93.jpg,wajahraja
/Users/Lenovo/Documents/Raja/dataset\wajahraja\Rajasabian_94.jpg,wajahraja
/Users/Lenovo/Documents/Raja/dataset\wajahraja\Rajasabian_95.jpg,wajahraja
/Users/Lenovo/Documents/Raja/dataset\wajahraja\Rajasabian_96.jpg,wajahraja
/Users/Lenovo/Documents/Raja/dataset\wajahraja\Rajasabian_97.jpg,wajahraja
/Users/Lenovo/Documents/Raja/dataset\wajahraja\Rajasabian_98.jpg,wajahraja
/Users/Lenovo/Documents/Raja/dataset\wajahraja\Rajasabian_99.jpg,wajahraja
